complex_type,province,city,complex_name,development_status,sale_rate,resident_companies,active_companies
국가,서울,구로구,한국수출산업 (①),완료,100.0,15232,13946
국가,서울,구로구,서울디지털 ①,완료,100.0,15232,13946
일반,서울,구로구,서울온수,완료,100.0,199,199
일반,서울,강서구,마곡,조성중,82.72,199,149
일반,서울,강동구,강동,미개발,0.0,0,0
국가,부산,강서구,명지·녹산 (① + ②),완료,100.0,1577,1294
국가,부산,강서구,녹산지구(산업단지) ①,완료,100.0,1577,1294
국가,부산,강서구,명지지구 ②,완료,0.0,0,0
일반,부산,강서구,부산과학 (① + ②),완료,98.06,238,238
일반,부산,강서구,부산과학 ①,완료,100.0,226,226
일반,부산,강서구,지사(외국인) ②,완료,93.29,12,12
일반,부산,강서구,부산신항배후국제산업물류도시(1단계),완료,93.6,545,536
일반,부산,기장군,명례,완료,100.0,125,122
일반,부산,사하구,산양,조성중,100.0,0,0
일반,부산,사하구,서부산스마트밸리(구:신평장림) (① + ②),완료,100.0,977,802
일반,부산,사하구,신평ㆍ장림(기존) ①,완료,100.0,434,324
일반,부산,사하구,신평ㆍ장림(협동화) ②,완료,100.0,543,478
일반,부산,해운대구,센텀시티,완료,100.0,2022,2022
일반,부산,강서구,풍상,완료,100.0,4,4
일반,부산,강서구,생곡,완료,100.0,104,99
일반,부산,강서구,명동지구,조성중,93.85,32,2
일반,부산,강서구,미음지구 (① + ②),완료,89.82,390,358
일반,부산,강서구,미음(산업단지) ①,완료,97.91,383,351
일반,부산,강서구,미음(외국인) ②,완료,45.82,7,7
일반,부산,기장군,동남권방사선의과학,조성중,77.7,40,18
일반,부산,기장군,부산신소재,완료,100.0,5,3
일반,부산,기장군,반룡,완료,100.0,91,91
일반,부산,기장군,오리,완료,84.48,79,66
일반,부산,기장군,동부산E-PARK 일반산업단지(구:기장대우),조성중,100.0,3,0
일반,부산,기장군,에코장안,완료,100.0,25,20
일반,부산,강서구,정주,완료,100.0,3,3
일반,부산,사상구,사상공업지역[재생사업지구],조성중,100.0,950,950
일반,부산,강서구,성우(구:거화),완료,100.0,18,18
일반,부산,기장군,기룡,완료,100.0,1,1
일반,부산,기장군,기룡2,완료,100.0,3,2
일반,부산,기장군,장안,완료,100.0,98,98
일반,부산,기장군,정관,완료,100.0,204,204
일반,부산,기장군,정관코리,완료,100.0,6,5
일반,부산,강서구,신호,완료,100.0,83,83
일반,부산,강서구,화전지구,완료,100.0,313,313
일반,부산,강서구,강서보고,완료,100.0,19,19
일반,부산,강서구,지사글로벌,완료,75.13,6,6
일반,부산,강서구,강서해성,미개발,0.0,0,0
일반,부산,강서구,지사2(구 진우),완료,100.0,18,18
일반,부산,강서구,부산연구개발특구첨단복합지구,미개발,0.0,0,0
일반,부산,강서구,부산명서일반산업단지,미개발,0.0,0,0
도시첨단,부산,강서구,부산에코델타시티,조성중,13.07,5,3
도시첨단,부산,해운대구,회동.석대,완료,100.0,93,93
도시첨단,부산,사상구,모라,조성중,100.0,244,244
도시첨단,부산,북구,금곡,조성중,0.0,0,0
도시첨단,부산,해운대구,센텀2지구,미개발,0.0,0,0
농공,부산,기장군,정관,완료,100.0,32,31
국가,대구,달성군,대구국가,조성중,63.87,298,222
일반,대구,달서구,성서1차[재생사업지구],완료,100.0,986,980
일반,대구,달서구,성서2차[재생사업지구:부분],완료,100.0,1212,1208
일반,대구,달서구,성서3차,완료,100.0,819,814
일반,대구,달서구,성서4차,완료,100.0,70,70
일반,대구,달서구,대구출판,완료,100.0,120,120
일반,대구,동구,대구이시아폴리스,완료,100.0,55,54
일반,대구,북구,검단,완료,100.0,588,585
일반,대구,서구,대구염색[재생사업지구],완료,100.0,127,122
일반,대구,달성군,달성1차,완료,100.0,310,286
일반,대구,달성군,달성2차 (① + ②),완료,100.0,299,279
일반,대구,달성군,달성2차 ①,완료,100.0,293,273
일반,대구,달성군,달성2차(외국인) ②,완료,100.0,6,6
일반,대구,달성군,대구테크노폴리스,조성중,73.96,79,79
일반,대구,달성군,성서5차첨단,완료,100.0,129,128
일반,대구,북구,대구제3[재생사업지구],완료,100.0,2529,2529
일반,대구,달성군,대성하이스코(구: 달성대성하이스코),완료,70.0,2,0
일반,대구,북구,금호워터폴리스,조성중,52.31,0,0
일반,대구,서구,서대구[재생사업지구],완료,100.0,2585,2515
도시첨단,대구,동구,대구신서혁신도시(공공주택지구)도시첨단,완료,28.57,0,0
도시첨단,대구,동구,율하,조성중,0.0,0,0
도시첨단,대구,북구,경북대캠퍼스혁신파크,미개발,0.0,0,0
농공,대구,달성군,구지,완료,100.0,22,22
농공,대구,달성군,옥포,완료,100.0,49,49
농공,대구,군위군,군위,완료,100.0,33,30
농공,대구,군위군,효령,완료,100.0,14,12
국가,인천,남동구,남동[재생사업지구],완료,100.0,8080,7788
국가,인천,부평구,한국수출산업 (① + ②),완료,100.0,3339,3332
국가,인천,부평구,부평 ①,완료,100.0,1867,1862
국가,인천,서구,주안 ②,완료,100.0,1472,1470
일반,인천,미추홀구,인천기계,완료,100.0,179,177
일반,인천,미추홀구,인천,완료,100.0,608,606
일반,인천,서구,뷰티풀파크(구:인천검단),완료,97.1,1293,1268
일반,인천,서구,인천서부,완료,100.0,310,302
일반,인천,서구,청라1지구,완료,100.0,35,35
일반,인천,연수구,송도지식정보,완료,93.46,137,89
일반,인천,강화군,강화하점,완료,100.0,11,10
일반,인천,강화군,강화,완료,100.0,81,67
일반,인천,계양구,서운,완료,100.0,70,69
일반,인천,서구,인천서부자원순환특화,완료,100.0,23,20
일반,인천,서구,I-FoodPark,조성중,100.0,84,69
일반,인천,중구,영종항공(인천경제자유구역),조성중,0.0,0,0
일반,인천,계양구,계양,조성중,76.34,0,0
일반,인천,서구,인천검단2일반산업단지,미개발,0.0,0,0
도시첨단,인천,서구,IHP(인천경제자유구역),완료,64.5,515,413
도시첨단,인천,남동구,남동,미개발,0.0,0,0
도시첨단,인천,계양구,인천계양테크노밸리도시첨단산업단지,미개발,0.0,0,0
국가,광주,북구,광주첨단과학 (① + ②),완료,100.0,2491,2082
국가,광주,북구,광주첨단과학(1단계) ①,완료,100.0,2491,2082
국가,광주,북구,광주첨단과학(2단계) ②,완료,100.0,0,0
국가,광주,광산구,빛그린 (①),완료,84.62,120,94
국가,광주,광산구,빛그린(광주광역시 구역) ①,완료,84.62,120,94
일반,광주,광산구,평동 (① + ②),완료,100.0,703,702
일반,광주,광산구,평동 ①,완료,100.0,697,697
일반,광주,광산구,평동(월전중소협력외국인) ②,완료,100.0,6,5
일반,광주,광산구,소촌,완료,100.0,64,64
일반,광주,남구,송암,완료,100.0,64,64
일반,광주,북구,본촌,완료,100.0,146,135
일반,광주,광산구,진곡,완료,100.0,416,346
일반,광주,광산구,평동3차(1단계),완료,100.0,152,128
일반,광주,남구,광주에너지밸리,조성중,65.51,33,0
일반,광주,광산구,하남[재생사업지구:부분],완료,100.0,1092,1091
일반,광주,북구,광주연구개발특구첨단3지구(광주경제자유구역),조성중,0.0,7,0
도시첨단,광주,남구,남구,조성중,77.38,7,5
도시첨단,광주,북구,전남대캠퍼스혁신파크,미개발,0.0,0,0
농공,광주,광산구,소촌,완료,100.0,80,80
국가,대전,유성구,대덕연구개발특구,조성중,100.0,1863,1837
일반,대전,동구,하소친환경,완료,100.0,66,61
일반,대전,대덕구,대전산업단지[재생사업지구] (① + ② + ③),완료,100.0,1083,886
일반,대전,대덕구,대전제1 ①,완료,100.0,190,170
일반,대전,대덕구,대전제2 ②,완료,100.0,680,522
일반,대전,대덕구,대전(주변지역) ③,완료,100.0,213,194
일반,대전,서구,평촌,조성중,100.0,3,0
도시첨단,대전,대덕구,한남대캠퍼스혁신파크,미개발,0.0,0,0
도시첨단,대전,유성구,대전장대,미개발,0.0,0,0
국가,울산,남구,울산ㆍ미포,조성중,100.0,1112,741
국가,울산,울주군,온산,조성중,100.0,406,258
일반,울산,북구,매곡,완료,97.2,58,58
일반,울산,북구,모듈화,완료,100.0,32,30
일반,울산,북구,이화,조성중,100.0,1,1
일반,울산,북구,중산,조성중,100.0,19,19
일반,울산,울주군,길천,완료,91.71,98,87
일반,울산,울주군,신 (① + ②),완료,100.0,111,109
일반,울산,울주군,신 ①,완료,100.0,71,69
일반,울산,울주군,울산(자유무역) ②,완료,100.0,40,40
일반,울산,울주군,와지,완료,100.0,32,32
일반,울산,울주군,울산 High Tech Valley,조성중,100.0,19,18
일반,울산,울주군,봉계,완료,100.0,10,9
일반,울산,울주군,KCC울산,완료,95.68,50,41
일반,울산,울주군,전읍,완료,100.0,4,4
일반,울산,울주군,반천,완료,100.0,84,71
일반,울산,울주군,작동,조성중,100.0,0,0
일반,울산,북구,중산2차,완료,100.0,42,40
일반,울산,북구,매곡2,완료,100.0,12,11
일반,울산,북구,매곡3,완료,100.0,20,20
일반,울산,남구,울산테크노,완료,100.0,150,143
일반,울산,울주군,GW,완료,82.49,45,31
일반,울산,북구,모바일테크밸리,조성중,100.0,24,16
일반,울산,울주군,에너지융합,조성중,92.19,48,48
일반,울산,울주군,청양,미개발,0.0,0,0
일반,울산,울주군,머거본,미개발,0.0,0,0
일반,울산,울주군,울산도하일반산업단지,미개발,0.0,0,0
일반,울산,울주군,울산KTX역세권일반산업단지,미개발,0.0,0,0
일반,울산,울주군,대대일반산업단지,미개발,0.0,0,0
일반,울산,동구,자동차일반산업단지[구:남목],미개발,0.0,0,0
도시첨단,울산,중구,울산장현,미개발,0.0,0,0
농공,울산,북구,달천,완료,100.0,102,95
농공,울산,울주군,두동,완료,100.0,4,4
농공,울산,울주군,두서,완료,100.0,15,14
농공,울산,울주군,상북,완료,100.0,11,11
국가,세종,세종,세종스마트,미개발,0.0,0,0
일반,세종,세종,소정,완료,100.0,1,1
일반,세종,세종,월산,완료,100.0,0,0
일반,세종,세종,전의,완료,100.0,8,8
일반,세종,세종,전의2,완료,100.0,32,30
일반,세종,세종,조치원,완료,100.0,12,11
일반,세종,세종,명학,완료,100.0,37,36
일반,세종,세종,부강(구 부용),완료,100.0,11,11
일반,세종,세종,세종미래,완료,100.0,24,16
일반,세종,세종,세종스마트그린,조성중,98.87,0,0
일반,세종,세종,세종벤처밸리,미개발,0.0,0,0
일반,세종,세종,세종첨단,완료,100.0,25,24
일반,세종,세종,전동,조성중,53.66,0,0
일반,세종,세종,세종복합,미개발,0.0,0,0
도시첨단,세종,세종,행정중심복합도시4-2생활권,조성중,81.35,22,22
농공,세종,세종,부용,완료,100.0,1,1
농공,세종,세종,노장,완료,100.0,16,15
농공,세종,세종,응암,완료,100.0,5,4
농공,세종,세종,청송,완료,100.0,3,3
국가,경기,안산시,반월특수지역 (① + ② + ③ + ④),조성중,94.95,22158,21700
국가,경기,시흥시,시화 ①,조성중,100.0,11291,11163
국가,경기,시흥시,시화MTV ②,조성중,100.0,1372,1351
국가,경기,안산시,반월특수(안산신도시)[재생사업지구] ③,완료,100.0,9400,9186
국가,경기,화성시,송산그린시티 ④,조성중,14.99,95,0
국가,경기,파주시,파주출판,완료,100.0,835,834
국가,경기,파주시,파주탄현,완료,100.0,48,46
국가,경기,평택시,아산국가 (① + ② + ③),조성중,100.0,262,252
국가,경기,평택시,원정지구 ①,완료,100.0,0,0
국가,경기,평택시,포승지구 ②,완료,100.0,261,251
국가,경기,화성시,우정지구 ③,조성중,100.0,1,1
국가,경기,동두천시,동두천,조성중,100.0,0,0
국가,경기,용인시,용인첨단시스템반도체클러스터국가산업단지,미개발,0.0,0,0
일반,경기,김포시,김포항공,완료,100.0,8,8
일반,경기,김포시,상마,완료,100.0,37,37
일반,경기,김포시,양촌,완료,100.0,963,960
일반,경기,김포시,율생,완료,100.0,13,13
일반,경기,김포시,통진(팬택),완료,100.0,4,3
일반,경기,김포시,학운,완료,100.0,34,34
일반,경기,김포시,학운2,완료,100.0,126,122
일반,경기,동두천시,동두천,완료,100.0,54,54
일반,경기,동두천시,동두천2,완료,100.0,29,29
일반,경기,동두천시,상봉암,완료,100.0,7,7
일반,경기,부천시,오정,완료,100.0,103,103
일반,경기,성남시,성남[재생사업지구],완료,100.0,2871,2867
일반,경기,안산시,반월도금,완료,100.0,101,101
일반,경기,안성시,가율,완료,100.0,3,3
일반,경기,안성시,공도,완료,100.0,5,5
일반,경기,안성시,금산,완료,100.0,16,13
일반,경기,안성시,덕산,완료,100.0,12,12
일반,경기,안성시,동항,완료,100.0,15,13
일반,경기,안성시,두교,완료,100.0,9,8
일반,경기,안성시,미양2,완료,100.0,6,5
일반,경기,안성시,방초,완료,100.0,9,9
일반,경기,안성시,안성제1,완료,100.0,43,39
일반,경기,안성시,안성제2,완료,100.0,54,51
일반,경기,안성시,안성제3,완료,100.0,50,44
일반,경기,안성시,안성제4,완료,95.74,25,24
일반,경기,안성시,용월,완료,100.0,12,12
일반,경기,안성시,원곡,완료,100.0,6,6
일반,경기,안성시,장원1,완료,100.0,15,15
일반,경기,안성시,월정,완료,100.0,5,5
일반,경기,양주시,구암,완료,100.0,2,1
일반,경기,양주시,남면,완료,100.0,27,23
일반,경기,양주시,도하,완료,100.0,1,1
일반,경기,양주시,상수,완료,100.0,10,10
일반,경기,오산시,가장,완료,100.0,43,40
일반,경기,파주시,문발1,완료,100.0,16,16
일반,경기,파주시,문발2,완료,100.0,16,16
일반,경기,파주시,신촌,완료,100.0,79,67
일반,경기,파주시,오산,완료,100.0,76,68
일반,경기,파주시,축현,완료,100.0,107,89
일반,경기,파주시,파주LCD,완료,100.0,8,5
일반,경기,파주시,법원2,완료,100.0,32,20
일반,경기,평택시,고덕국제화계획지구,완료,100.0,1,1
일반,경기,평택시,어연한산,완료,100.0,34,30
일반,경기,평택시,오성(외국인),완료,100.0,6,5
일반,경기,평택시,장당,완료,100.0,5,5
일반,경기,평택시,진위,완료,100.0,17,17
일반,경기,평택시,추팔,완료,100.0,32,32
일반,경기,평택시,칠괴,완료,100.0,16,15
일반,경기,평택시,평택,완료,100.0,64,62
일반,경기,평택시,현곡,완료,91.62,27,27
일반,경기,포천시,신평,완료,100.0,9,9
일반,경기,포천시,양문,완료,91.51,52,52
일반,경기,화성시,동탄,완료,100.0,421,338
일반,경기,화성시,마도,완료,100.0,278,176
일반,경기,화성시,발안,완료,100.0,506,373
일반,경기,화성시,장안첨단(1)(외국인),완료,100.0,14,14
일반,경기,화성시,장안첨단(2)(외국인),완료,100.0,8,7
일반,경기,화성시,전곡해양,완료,100.0,306,241
일반,경기,화성시,팔탄(한미약품),완료,100.0,1,1
일반,경기,화성시,향남제약,완료,100.0,52,50
일반,경기,화성시,화남,조성중,100.0,40,35
일반,경기,화성시,화성,조성중,100.0,1,1
일반,경기,연천군,장남,완료,100.0,1,1
일반,경기,연천군,청산대전,완료,100.0,23,22
일반,경기,파주시,적성,완료,100.0,100,86
일반,경기,김포시,한강시네폴리스,조성중,0.0,0,0
일반,경기,이천시,장호원,완료,100.0,11,10
일반,경기,이천시,설성,완료,100.0,6,4
일반,경기,이천시,모가,완료,100.0,2,1
일반,경기,여주시,삼교,완료,100.0,2,2
일반,경기,안성시,지문,완료,100.0,0,0
일반,경기,김포시,학운4,완료,100.0,172,168
일반,경기,양주시,홍죽,완료,100.0,84,82
일반,경기,오산시,가장2,완료,100.0,70,62
일반,경기,이천시,신둔,완료,100.0,2,2
일반,경기,평택시,고렴,완료,64.29,9,9
일반,경기,포천시,용정,완료,100.0,123,81
일반,경기,평택시,LG Digital Park,완료,100.0,1,1
일반,경기,화성시,경기화성바이오밸리,완료,100.0,312,227
일반,경기,화성시,안녕일반산업단지(구: 한강씨엠),조성중,0.0,1,1
일반,경기,김포시,학운3,완료,100.0,300,287
일반,경기,시흥시,매화,조성중,100.0,563,563
일반,경기,용인시,원삼,조성중,0.0,6,4
일반,경기,평택시,진위2,완료,100.0,33,13
일반,경기,군포시,군포첨단,완료,100.0,84,84
일반,경기,포천시,장자(구 신평3리),완료,64.55,79,53
일반,경기,이천시,대월,완료,100.0,7,5
일반,경기,남양주시,광릉테크노밸리(구 팔야),완료,100.0,36,31
일반,경기,연천군,백학통구,완료,100.0,1,1
일반,경기,용인시 처인구,제일바이오,완료,100.0,2,2
일반,경기,남양주시,금곡,완료,100.0,33,32
일반,경기,남양주시,진관,완료,100.0,64,64
일반,경기,수원시,수원델타플렉스(1블록)(구 수원1),완료,100.0,392,392
일반,경기,수원시,수원델타플렉스(2블록)(구 수원2),완료,100.0,63,63
일반,경기,수원시,수원델타플렉스(3블록)(구 수원3),완료,100.0,631,631
일반,경기,안성시,개정지방,완료,100.0,12,11
일반,경기,양주시,검준,완료,100.0,56,52
일반,경기,의정부시,용현,완료,100.0,132,132
일반,경기,파주시,당동(외국인),완료,100.0,5,5
일반,경기,파주시,선유,완료,100.0,122,108
일반,경기,파주시,금파,완료,100.0,11,10
일반,경기,파주시,월롱,완료,100.0,3,3
일반,경기,파주시,탄현,완료,100.0,54,52
일반,경기,파주시,법원1,미개발,0.0,0,0
일반,경기,평택시,송탄,완료,100.0,141,139
일반,경기,평택시,포승(2),완료,87.62,7,7
일반,경기,가평군,목동,완료,100.0,14,11
일반,경기,여주시,장안,완료,100.0,1,1
일반,경기,여주시,강천,완료,100.0,7,6
일반,경기,연천군,백학,완료,100.0,58,43
일반,경기,파주시,파주스튜디오시티일반산업단지(구:월롱2),조성중,86.67,2,0
일반,경기,화성시,주곡,조성중,100.0,32,29
일반,경기,이천시,도암,완료,100.0,7,7
일반,경기,이천시,도드람,완료,100.0,1,1
일반,경기,여주시,남여주,완료,100.0,7,2
일반,경기,안산시,팔곡,완료,100.0,38,38
일반,경기,용인시,농서,완료,100.0,3,2
일반,경기,용인시 처인구,완장,조성중,100.0,2,2
일반,경기,안성시,마정,조성중,100.0,3,3
일반,경기,안성시,볼빅,조성중,0.0,0,0
일반,경기,이천시,신갈,완료,100.0,1,1
일반,경기,안성시,마산,완료,100.0,1,1
일반,경기,오산시,세마,완료,100.0,10,10
일반,경기,포천시,금현,완료,100.0,14,13
일반,경기,화성시,화성정남,조성중,100.0,121,99
일반,경기,안성시,장원2,완료,82.5,8,7
일반,경기,평택시,평택브레인시티,미개발,0.0,0,0
일반,경기,용인시,통삼,완료,100.0,7,6
일반,경기,안성시,강문,조성중,0.0,0,0
일반,경기,양주시,서울우유,완료,100.0,1,1
일반,경기,양주시,원,조성중,100.0,0,0
일반,경기,평택시,진위3(kdb Utoplex),미개발,0.0,0,0
일반,경기,용인시,지곡,조성중,100.0,2,1
일반,경기,안성시,동항2,완료,100.0,20,19
일반,경기,용인시,용인패키징디자인,완료,100.0,7,5
일반,경기,이천시,관리,완료,100.0,4,2
일반,경기,용인시,용인SG패션,조성중,100.0,0,0
일반,경기,용인시,한컴,완료,100.0,1,1
일반,경기,화성시,화성송산테크노파크,완료,100.0,151,97
일반,경기,김포시,대포,조성중,0.0,47,32
일반,경기,의왕시,의왕테크노파크,완료,100.0,679,679
일반,경기,양주시,은남,미개발,0.0,0,0
일반,경기,화성시,동방,조성중,0.0,0,0
일반,경기,안성시,가유,조성중,0.0,0,0
일반,경기,김포시,학운6,조성중,91.86,167,121
일반,경기,포천시,에코그린,조성중,76.92,0,0
일반,경기,연천군,연천BIX(은통),완료,21.48,25,0
일반,경기,화성시,영진바이오,완료,100.0,1,1
일반,경기,김포시,학운4-1,조성중,97.47,45,35
일반,경기,안성시,동문,조성중,0.0,0,0
일반,경기,포천시,진목,미개발,0.0,1,0
일반,경기,안성시,마산2,조성중,0.0,0,0
일반,경기,안성시,북좌,미개발,0.0,0,0
일반,경기,파주시,축현2,완료,100.0,1,1
일반,경기,용인시,용인테크노밸리(구 덕성),완료,100.0,144,128
일반,경기,평택시,평택드림테크(구 신재생),완료,100.0,0,0
일반,경기,시흥시,광명시흥,미개발,0.0,0,0
일반,경기,파주시,파주센트럴밸리,조성중,100.0,45,27
일반,경기,평택시,서탄(구 유창),미개발,0.0,0,0
일반,경기,평택시,평택BIX(경기경제자유구역),완료,47.44,37,6
일반,경기,안성시,안성제5일반산업단지(구: 안성중소기업),미개발,0.0,0,0
일반,경기,용인시,제일,조성중,100.0,0,0
일반,경기,안성시,안성하이랜드,조성중,0.0,18,16
일반,경기,김포시,학운5,조성중,0.0,67,24
일반,경기,화성시,동진,조성중,0.0,1,1
일반,경기,김포시,학운7,미개발,0.0,0,0
일반,경기,파주시,파평,완료,66.15,21,2
일반,경기,오산시,오산가장제3,완료,100.0,33,19
일반,경기,이천시,남이천,완료,100.0,3,0
일반,경기,용인시,용인반도체클러스터,조성중,0.0,0,0
일반,경기,안성시,안성테크노밸리,조성중,0.0,0,0
일반,경기,용인시,백암,조성중,100.0,0,0
일반,경기,이천시,이천유산,조성중,0.0,2,0
일반,경기,용인시 처인구,제2용인테크노밸리,미개발,0.0,0,0
일반,경기,김포시,학운3-1,미개발,0.0,9,0
일반,경기,화성시,H-테크노밸리일반산업단지,미개발,0.0,0,0
일반,경기,평택시,평택첨단복합일반산업단지,미개발,0.0,0,0
일반,경기,안산시,안산신길일반산업단지,미개발,0.0,0,0
일반,경기,이천시,대월2일반산업단지,미개발,0.0,0,0
일반,경기,평택시,평택서탄제2일반산업단지,미개발,0.0,0,0
일반,경기,안성시,안성축산식품복합일반산업단지,미개발,0.0,0,0
일반,경기,여주시,여주가남일반산업단지,미개발,0.0,0,0
도시첨단,경기,화성시,동탄도시첨단,조성중,100.0,462,237
도시첨단,경기,용인시,용인기흥힉스,조성중,0.0,448,448
도시첨단,경기,양주시,회천,미개발,0.0,0,0
도시첨단,경기,용인시,용인기흥ICT밸리,완료,100.0,852,852
도시첨단,경기,용인시,용인일양히포,미개발,0.0,0,0
도시첨단,경기,안양시,평촌스마트스퀘어,완료,100.0,28,26
도시첨단,경기,성남시 수정구,판교제2테크노밸리(구 판교창조경제밸리),조성중,99.22,207,207
도시첨단,경기,광명시,광명시흥첨단R&D,조성중,0.0,0,0
도시첨단,경기,안산시,한양대에리카캠퍼스혁신파크,미개발,0.0,0,0
도시첨단,경기,고양시,고양일산,조성중,0.0,0,0
도시첨단,경기,양주시,경기양주테크노밸리,미개발,0.0,0,0
도시첨단,경기,부천시,부천대장제1도시첨단산업단지,미개발,0.0,0,0
도시첨단,경기,부천시,부천대장제2도시첨단산업단지,미개발,0.0,0,0
도시첨단,경기,용인시,용인기흥미래도시첨단산업단지,미개발,0.0,0,0
도시첨단,경기,용인시,용인한림제약도시첨단산업단지,미개발,0.0,0,0
도시첨단,경기,용인시,경기용인플랫폼시티도시첨단산업단지,조성중,0.0,0,0
농공,경기,안성시,미양,완료,100.0,4,4
국가,강원,동해시,북평국가 (① + ②),완료,83.48,84,55
국가,강원,동해시,북평 ①,완료,100.0,56,33
국가,강원,동해시,동해(자유무역) ②,완료,0.0,28,22
일반,강원,강릉시,강릉과학,완료,93.93,155,148
일반,강원,강릉시,강릉중소,완료,100.0,36,22
일반,강원,원주시,원주자동차부품,완료,100.0,6,3
일반,강원,춘천시,남면,완료,100.0,1,1
일반,강원,춘천시,전력IT문화복합,완료,100.0,15,15
일반,강원,홍천군,홍천북방,완료,100.0,2,2
일반,강원,횡성군,우천,완료,92.55,20,18
일반,강원,삼척시,삼척종합발전,조성중,100.0,1,0
일반,강원,춘천시,남춘천,조성중,100.0,24,12
일반,강원,동해시,북평제2,조성중,28.39,0,0
일반,강원,강릉시,강릉옥계,조성중,100.0,1,0
일반,강원,동해시,송정,완료,100.0,1,1
일반,강원,원주시,동화,완료,100.0,28,27
일반,강원,원주시,부론,조성중,0.0,0,0
일반,강원,철원군,플라즈마,조성중,3.37,2,0
일반,강원,태백시,동점(구 태백스포츠),완료,79.82,5,5
일반,강원,원주시,문막[재생사업지구],완료,100.0,24,21
일반,강원,원주시,문막반계 (① + ②),조성중,100.0,38,34
일반,강원,원주시,문막반계 ①,조성중,100.0,30,28
일반,강원,원주시,문막반계(문막중소협력외국인) ②,완료,100.0,8,6
일반,강원,원주시,우산,완료,100.0,20,16
일반,강원,원주시,포진,조성중,0.0,0,0
일반,강원,춘천시,후평[재생사업지구],완료,100.0,410,323
일반,강원,삼척시,호산(LNG),완료,100.0,1,1
일반,강원,춘천시,동춘천(구 봉명),완료,100.0,19,16
일반,강원,강릉시,옥계첨단소재융합,완료,0.0,0,0
일반,강원,태백시,철암고터실일반산업단지,미개발,0.0,0,0
일반,강원,삼척시,삼척수소특화일반산업단지,미개발,0.0,0,0
도시첨단,강원,춘천시,춘천도시첨단문화,완료,100.0,8,8
도시첨단,강원,춘천시,춘천도시첨단정보,완료,100.0,1,1
도시첨단,강원,춘천시,삼성SDS춘천센터,완료,100.0,1,1
도시첨단,강원,춘천시,네이버도시첨단(구 춘천NHN),완료,100.0,1,1
도시첨단,강원,춘천시,강원대캠퍼스혁신파크,조성중,0.0,0,0
도시첨단,강원,홍천군,홍천,미개발,0.0,0,0
농공,강원,강릉시,주문진,완료,100.0,35,35
농공,강원,삼척시,근덕,완료,100.0,28,28
농공,강원,삼척시,도계,완료,100.0,8,8
농공,강원,속초시,대포제2,완료,100.0,33,33
농공,강원,원주시,동화,완료,100.0,46,43
농공,강원,원주시,문막,완료,100.0,38,38
농공,강원,원주시,태장,완료,100.0,143,128
농공,강원,춘천시,거두,완료,100.0,27,26
농공,강원,춘천시,당림,완료,100.0,1,1
농공,강원,춘천시,창촌,완료,100.0,29,29
농공,강원,춘천시,퇴계,완료,100.0,172,166
농공,강원,춘천시,수동,완료,100.0,6,6
농공,강원,태백시,장성,완료,92.59,17,13
농공,강원,태백시,철암,완료,100.0,29,27
농공,강원,고성군,고성해양심층수전용,완료,95.71,23,18
농공,강원,고성군,향목,완료,100.0,14,14
농공,강원,양구군,하리,완료,100.0,31,28
농공,강원,양양군,포월,완료,100.0,39,39
농공,강원,영월군,영월,완료,100.0,17,16
농공,강원,영월군,영월제3,완료,100.0,27,26
농공,강원,영월군,팔괴,완료,100.0,34,29
농공,강원,인제군,원통,완료,100.0,36,35
농공,강원,정선군,예미,완료,89.04,13,13
농공,강원,정선군,증산,완료,100.0,22,22
농공,강원,정선군,함백,완료,100.0,5,5
농공,강원,철원군,갈말,완료,100.0,3,3
농공,강원,철원군,김화,완료,100.0,27,26
농공,강원,평창군,방림,완료,100.0,11,11
농공,강원,평창군,평창,완료,100.0,35,35
농공,강원,홍천군,상오안,완료,100.0,24,22
농공,강원,홍천군,양덕원,완료,100.0,1,1
농공,강원,홍천군,화전,완료,100.0,20,18
농공,강원,화천군,원천,완료,100.0,28,25
농공,강원,횡성군,공근,완료,100.0,29,26
농공,강원,횡성군,묵계,완료,100.0,13,13
농공,강원,횡성군,우천,완료,100.0,24,23
농공,강원,횡성군,우천제2,완료,100.0,23,21
농공,강원,속초시,대포제3,완료,98.18,50,50
농공,강원,철원군,동송,완료,83.33,15,15
농공,강원,양양군,양양제2그린,완료,100.0,16,13
농공,강원,강릉시,주문진제2,완료,100.0,20,20
농공,강원,속초시,대포제1,완료,100.0,37,37
농공,강원,인제군,귀둔,완료,26.47,0,0
농공,강원,홍천군,북방,조성중,0.0,0,0
농공,강원,춘천시,퇴계제2,완료,100.0,34,29
농공,강원,고성군,고성제2특화농공단지,미개발,0.0,0,0
농공,강원,양양군,양양친환경스마트육상연어양식농공단지,미개발,0.0,0,0
농공,강원,횡성군,횡성조곡농공단지,미개발,0.0,0,0
농공,강원,삼척시,근덕제2농공단지,미개발,0.0,0,0
농공,강원,양구군,양구제2농공단지,미개발,0.0,0,0
국가,충북,보은군,보은,조성중,100.0,1,1
국가,충북,청주시,오송생명과학,완료,100.0,73,71
국가,충북,충주시,충주바이오헬스,미개발,0.0,0,0
국가,충북,청주시,오송제3생명과학국가산업단지,미개발,0.0,0,0
일반,충북,제천시,제천,완료,100.0,46,45
일반,충북,제천시,제천제2,완료,100.0,52,48
일반,충북,청주시,청주[재생사업지구:부분],완료,100.0,738,709
일반,충북,청주시,청주테크노폴리스,조성중,93.19,19,16
일반,충북,충주시,중원,완료,100.0,30,29
일반,충북,충주시,충주DH,완료,100.0,3,2
일반,충북,충주시,만정,완료,100.0,2,2
일반,충북,충주시,충주제1,완료,100.0,45,36
일반,충북,충주시,충주제3,완료,100.0,9,7
일반,충북,충주시,충주제4,완료,100.0,4,4
일반,충북,충주시,충주첨단,완료,100.0,61,56
일반,충북,괴산군,괴산첨단,완료,100.0,15,10
일반,충북,영동군,주곡,조성중,0.0,0,0
일반,충북,영동군,영동,완료,97.64,36,25
일반,충북,옥천군,청산,완료,87.84,10,10
일반,충북,음성군,금왕,완료,98.31,12,12
일반,충북,음성군,대풍,완료,100.0,11,10
일반,충북,음성군,맹동,완료,100.0,51,43
일반,충북,음성군,원남,완료,99.87,82,72
일반,충북,음성군,육령,완료,100.0,1,0
일반,충북,음성군,음성이테크,완료,100.0,21,15
일반,충북,음성군,음성하이텍,완료,100.0,19,19
일반,충북,음성군,중부,완료,100.0,3,2
일반,충북,증평군,증평,완료,100.0,12,11
일반,충북,증평군,증평2,완료,100.0,37,32
일반,충북,진천군,이월,완료,100.0,6,6
일반,충북,진천군,초평은암,완료,100.0,12,9
일반,충북,음성군,리노삼봉,조성중,100.0,14,8
일반,충북,진천군,문백정밀기계,완료,100.0,4,4
일반,충북,괴산군,괴산자연드림파크산업단지(구:괴산유기식품),조성중,27.03,14,14
일반,충북,단양군,단양(구 단양신소재),완료,92.59,10,10
일반,충북,음성군,상우(구 감곡),조성중,100.0,0,0
일반,충북,진천군,문백금성,완료,100.0,2,2
일반,충북,진천군,문백태흥(구 태략협동화),조성중,100.0,4,3
일반,충북,충주시,대신,완료,100.0,1,1
일반,충북,증평군,덕유,완료,100.0,1,0
일반,충북,음성군,생극,완료,100.0,40,34
일반,충북,진천군,죽현,완료,100.0,2,2
일반,충북,충주시,KGC예본(구 KT&G),완료,100.0,1,1
일반,충북,괴산군,괴산대제(건축자재),완료,100.0,44,43
일반,충북,음성군,오선,완료,100.0,26,21
일반,충북,청주시,오창과학 (① + ②),완료,98.55,234,228
일반,충북,청주시,오창과학 ①,완료,100.0,221,215
일반,충북,청주시,오창(외국인) ②,완료,88.39,13,13
일반,충북,청주시,오창제2,완료,100.0,8,8
일반,충북,청주시,현도,완료,100.0,4,4
일반,충북,청주시,옥산,완료,100.0,60,51
일반,충북,청주시,청주에어로폴리스2지구,조성중,0.0,0,0
일반,충북,음성군,유촌,완료,100.0,47,35
일반,충북,청주시,강내,완료,100.0,1,0
일반,충북,진천군,산수 (① + ②),완료,100.0,75,70
일반,충북,진천군,산수 ①,완료,100.0,72,68
일반,충북,진천군,산수(산수중소협력외국인) ②,완료,100.0,3,2
일반,충북,보은군,보은동부,완료,100.0,1,1
일반,충북,청주시 흥덕구,오송제2생명과학,완료,100.0,115,70
일반,충북,충주시,충주제5,완료,2.96,7,7
일반,충북,보은군,보은,완료,91.49,53,42
일반,충북,제천시,제천제3,완료,76.68,12,12
일반,충북,충주시,충주인프라시티,완료,0.0,1,1
일반,충북,옥천군,옥천테크노밸리(구:옥천제2의료기기),완료,93.19,3,3
일반,충북,음성군,성본,완료,76.31,59,37
일반,충북,진천군,에스폼,완료,100.0,2,2
일반,충북,진천군,케이푸드밸리(구 송두),완료,100.0,5,3
일반,충북,괴산군,충청북도수산식품,완료,83.33,4,4
일반,충북,음성군,성안,조성중,100.0,0,0
일반,충북,음성군,금왕테크노밸리,조성중,100.0,76,54
일반,충북,충주시,화석,완료,100.0,1,1
일반,충북,청주시,청주센트럴벨리일반산업단지(구:국사),미개발,0.0,0,0
일반,충북,청주시,오창테크노폴리스,조성중,0.0,0,0
일반,충북,충주시,충주특화기술(구 녹색패션),조성중,0.0,0,0
일반,충북,진천군,신척(구 진천),완료,100.0,99,94
일반,충북,청주시,오창제3(구 성재),완료,100.0,36,34
일반,충북,충주시,충주메가폴리스,완료,100.0,55,53
일반,충북,충주시,동충주(구:북부),완료,50.17,13,9
일반,충북,음성군,맹동인곡,조성중,48.18,22,0
일반,충북,음성군,성안제2,조성중,100.0,0,0
일반,충북,충주시,산척,조성중,0.0,0,0
일반,충북,청주시,남청주현도,조성중,0.0,0,0
일반,충북,음성군,용산,조성중,96.08,24,3
일반,충북,청주시,서오창테크노밸리,조성중,86.17,2,2
일반,충북,청주시,오송화장품,미개발,0.0,0,0
일반,충북,청주시,청주하이테크밸리,조성중,100.0,0,0
일반,충북,청주시,청주그린스마트밸리(구:북이),조성중,0.0,0,0
일반,충북,제천시,제천봉양,완료,100.0,0,0
일반,충북,충주시,충주드림파크,조성중,0.0,0,0
일반,충북,청주시,청주한국전통공예촌복합문화,미개발,0.0,0,0
일반,충북,진천군,진천테크노폴리스,조성중,100.0,4,0
일반,충북,충주시,충주비즈코어시티,미개발,0.0,0,0
일반,충북,음성군,음성테크노폴리스,미개발,0.0,0,0
일반,충북,청주시,오송바이오,미개발,0.0,0,0
일반,충북,진천군,문백,미개발,0.0,0,0
일반,충북,진천군,진천스마트복합산업단지,미개발,0.0,0,0
일반,충북,진천군,진천메가폴리스산업단지,미개발,0.0,0,0
일반,충북,청주시,청주에어로폴리스3일반산업단지(충북경제자유구역),미개발,0.0,0,0
일반,충북,영동군,황간산업단지,미개발,0.0,0,0
일반,충북,음성군,음성삼성테크노,미개발,0.0,0,0
일반,충북,청주시,오창나노테크스마트밸리산업단지,미개발,0.0,0,0
일반,충북,충주시,충주법현산업단지,미개발,0.0,0,0
일반,충북,증평군,증평3일반산업단지,미개발,0.0,0,0
일반,충북,음성군,생극제2산업단지,미개발,0.0,0,0
일반,충북,충주시,중원제2일반산업단지,미개발,0.0,0,0
일반,충북,청주시,청주클래식스마트밸리산업단지,미개발,0.0,0,0
일반,충북,진천군,진천혁신스마트밸리산업단지,미개발,0.0,0,0
도시첨단,충북,청주시,청주도시첨단문화,완료,100.0,60,60
도시첨단,충북,음성군,충북진천·음성혁신도시 도시첨단,완료,100.0,260,205
도시첨단,충북,음성군,충북진천·음성혁신도시 도시첨단(2)산업단지,미개발,0.0,0,0
농공,충북,제천시,강저테크노빌(구 강저),완료,100.0,22,21
농공,충북,제천시,고암테크노빌(구 고암),완료,100.0,21,20
농공,충북,제천시,금성테크노빌(구 금성),완료,100.0,16,14
농공,충북,제천시,송학테크노빌(구 송학),완료,100.0,9,9
농공,충북,제천시,양화테크노빌(구 양화),완료,50.0,17,17
농공,충북,충주시,중앙탑(구 가금),완료,100.0,6,6
농공,충북,충주시,가주,완료,100.0,12,12
농공,충북,충주시,용탄,완료,100.0,19,19
농공,충북,충주시,주덕,완료,100.0,15,14
농공,충북,괴산군,괴산테크노빌(구: 괴산농공),완료,100.0,10,9
농공,충북,괴산군,사리테크노빌(구:사리농공),완료,100.0,18,17
농공,충북,단양군,대강,완료,100.0,16,11
농공,충북,단양군,매포자원순환,완료,100.0,2,2
농공,충북,보은군,보은,완료,100.0,8,6
농공,충북,보은군,삼승,완료,100.0,14,11
농공,충북,보은군,장안,완료,100.0,36,27
농공,충북,영동군,법화,완료,100.0,5,5
농공,충북,영동군,영동,완료,100.0,8,7
농공,충북,영동군,용산,완료,100.0,3,2
농공,충북,옥천군,구일,완료,100.0,9,9
농공,충북,옥천군,동이,완료,100.0,15,15
농공,충북,옥천군,옥천,완료,100.0,15,15
농공,충북,옥천군,이원,완료,100.0,8,8
농공,충북,옥천군,청산,완료,100.0,3,3
농공,충북,음성군,금왕,완료,100.0,15,12
농공,충북,음성군,삼성,완료,100.0,11,11
농공,충북,음성군,음성,완료,100.0,26,23
농공,충북,증평군,도안테크노밸리(구:도안농공),완료,100.0,5,4
농공,충북,증평군,증평테크노밸리(구:증평농공),완료,100.0,2,2
농공,충북,진천군,광혜원,완료,100.0,5,5
농공,충북,진천군,덕산,완료,100.0,5,4
농공,충북,진천군,문백전기전자,완료,100.0,3,3
농공,충북,진천군,이월,완료,100.0,11,10
농공,충북,진천군,이월전기전자,완료,100.0,15,14
농공,충북,진천군,진천,완료,100.0,17,17
농공,충북,진천군,초평,완료,100.0,3,3
농공,충북,단양군,적성,완료,100.0,17,9
농공,충북,청주시 청원구,내수,완료,100.0,3,2
농공,충북,청주시,현도,완료,100.0,1,1
농공,충북,진천군,광혜원제2,완료,100.0,5,4
농공,충북,괴산군,괴산자연드림파크2단지,완료,100.0,22,22
농공,충북,옥천군,옥천의료기기,완료,100.0,7,7
농공,충북,증평군,도안2테크노배리(구:도안2농공),완료,70.3,14,2
농공,충북,옥천군,옥천제2농공단지,조성중,0.0,0,0
국가,충남,보령시,고정,조성중,100.0,1,1
국가,충남,서산시,대죽자원비축,완료,100.0,1,1
국가,충남,당진시,석문,완료,81.27,228,114
국가,충남,당진시,아산국가 (① + ②),완료,100.0,140,120
국가,충남,당진시,고대지구 ①,완료,100.0,14,12
국가,충남,당진시,부곡지구 ②,완료,100.0,126,108
국가,충남,서천군,장항국가생태산업단지,조성중,48.36,47,30
국가,충남,논산시,논산국방국가산업단지,미개발,0.0,0,0
일반,충남,공주시,탄천,완료,100.0,34,28
일반,충남,공주시,유구자카드,완료,100.0,12,8
일반,충남,논산시,논산,완료,100.0,24,24
일반,충남,논산시,논산2,완료,100.0,10,10
일반,충남,논산시,동산,완료,100.0,22,15
일반,충남,보령시,관창,조성중,100.0,16,16
일반,충남,보령시,영보,조성중,100.0,1,1
일반,충남,서산시,대산,완료,100.0,4,4
일반,충남,서산시,대죽,완료,100.0,12,12
일반,충남,서산시,서산테크노밸리,완료,100.0,68,49
일반,충남,아산시,인주 (① + ② + ③),완료,100.0,48,43
일반,충남,아산시,인주1 ①,완료,100.0,40,36
일반,충남,아산시,인주(외국인) ②,완료,100.0,7,6
일반,충남,아산시,아산현대모터스밸리(구 인주2) ③,완료,100.0,1,1
일반,충남,아산시,아산테크노밸리,완료,100.0,83,80
일반,충남,아산시,운용,완료,100.0,10,7
일반,충남,천안시,천안3 (① + ②),완료,100.0,52,50
일반,충남,천안시,천안제3 ①,완료,100.0,14,14
일반,충남,천안시,천안3(외국인) ②,완료,100.0,38,36
일반,충남,천안시,천안제2[재생사업지구],완료,100.0,230,228
일반,충남,천안시,천안제4,완료,100.0,85,85
일반,충남,천안시,천안산업기술,완료,100.0,187,187
일반,충남,천안시,천흥,완료,100.0,14,12
일반,충남,천안시,풍세,완료,100.0,81,80
일반,충남,당진시,합덕,완료,98.61,59,56
일반,충남,홍성군,홍성,완료,94.56,9,9
일반,충남,예산군,예산,완료,100.0,45,40
일반,충남,예산군,예산신소재,완료,100.0,13,13
일반,충남,서산시,대산컴플렉스,완료,100.0,3,3
일반,충남,당진시,현대제철(구 송산),조성중,100.0,1,1
일반,충남,당진시,합덕인더스파크,완료,77.4,5,5
일반,충남,당진시,당진1철강,조성중,100.0,4,4
일반,충남,서산시,현대대죽,조성중,100.0,4,2
일반,충남,예산군,예당 (① + ②),미개발,100.0,57,47
일반,충남,예산군,예당(1공구) ①,완료,100.0,57,47
일반,충남,예산군,예당(2공구) ②,미개발,0.0,0,0
일반,충남,계룡시,계룡제1(구 입암),완료,100.0,26,26
일반,충남,공주시,세종(구 가산),미개발,0.0,0,0
일반,충남,아산시,아산디스플레이시티2(구 탕정2),조성중,100.0,1,0
일반,충남,아산시,아산디스플레이시티1(구 탕정컴플렉스),완료,100.0,6,6
일반,충남,천안시,천안제5 (① + ②),조성중,100.0,66,59
일반,충남,천안시,천안제5 ①,조성중,100.0,47,45
일반,충남,천안시,천안5(외국인) ②,조성중,100.0,19,14
일반,충남,서산시,서산남부(구 서산도시형),미개발,0.0,0,0
일반,충남,아산시,아산제2테크노밸리,완료,100.0,99,89
일반,충남,서산시,대산3,완료,100.0,12,12
일반,충남,공주시,남공주,조성중,95.28,22,4
일반,충남,천안시,마정,완료,100.0,48,48
일반,충남,금산군,금산,완료,100.0,1,1
일반,충남,천안시,천안LG생활건강퓨처,완료,100.0,0,0
일반,충남,천안시,천안동부바이오,조성중,0.0,0,0
일반,충남,아산시,아산탕정테크노,조성중,34.34,7,0
일반,충남,아산시,탕정 (① + ②),완료,61.0,10,6
일반,충남,아산시,탕정(산업단지) ①,완료,100.0,6,3
일반,충남,아산시,탕정(외국인) ②,완료,54.12,4,3
일반,충남,당진시,송산2 (① + ②),조성중,92.91,46,41
일반,충남,당진시,송산2(산업단지) ①,조성중,100.0,38,34
일반,충남,당진시,송산2(송산2중소협력외국인) ②,완료,63.7,8,7
일반,충남,아산시,아산스마트밸리,조성중,100.0,22,17
일반,충남,서산시,서산오토밸리(구 서산),완료,99.07,49,43
일반,충남,서산시,서산인더스밸리(구 서산2),완료,100.0,12,9
일반,충남,서산시,씨지엔대산전력(구 엠피씨),완료,100.0,1,0
일반,충남,보령시,웅천(구 선진),완료,42.95,16,6
일반,충남,아산시,아산디지털(구 음봉디지털),조성중,100.0,7,7
일반,충남,공주시,쌍신,미개발,0.0,0,0
일반,충남,아산시,염치,조성중,93.2,5,1
일반,충남,아산시,인주(3공구),미개발,0.0,0,0
일반,충남,천안시,천안북부BIT,조성중,0.0,0,0
일반,충남,공주시,동현,미개발,0.0,0,0
일반,충남,천안시,성거,조성중,100.0,0,0
일반,충남,예산군,예산제2,조성중,0.0,0,0
일반,충남,천안시,천안테크노파크,미개발,0.0,0,0
일반,충남,아산시,음봉,조성중,66.38,5,0
일반,충남,천안시,풍세2,미개발,0.0,0,0
일반,충남,천안시,천안제6,미개발,0.0,0,0
일반,충남,서산시,현대대죽2,미개발,0.0,0,0
일반,충남,예산군,예당2,미개발,0.0,0,0
일반,충남,부여군,부여,미개발,0.0,0,0
일반,충남,공주시,송선,미개발,0.0,0,0
일반,충남,서산시,대산그린컴플렉스일반산업단지,미개발,0.0,0,0
일반,충남,아산시,케이밸리아산일반산업단지,미개발,0.0,0,0
일반,충남,아산시,아산신창일반산업단지,미개발,0.0,0,0
일반,충남,서산시,대산충의일반산업단지,미개발,0.0,0,0
일반,충남,청양군,청양일반산업단지,미개발,0.0,0,0
일반,충남,서산시,대산3(확장),미개발,0.0,0,0
일반,충남,천안시,천안신사일반산업단지,미개발,0.0,0,0
일반,충남,천안시,천안에코밸리,미개발,0.0,0,0
일반,충남,아산시,선장그린컴플렉스일반산업단지,미개발,0.0,0,0
일반,충남,천안시,천안수신일반산업단지,미개발,0.0,0,0
일반,충남,아산시,아산리더스밸리일반산업단지,미개발,0.0,0,0
일반,충남,논산시,숙진일반산업단지,미개발,0.0,0,0
도시첨단,충남,태안군,태안도시첨단,완료,100.0,2,2
도시첨단,충남,홍성군,내포도시첨단,조성중,68.59,62,29
도시첨단,충남,천안시,천안직산,미개발,0.0,0,0
농공,충남,공주시,검상,완료,100.0,29,27
농공,충남,공주시,계룡,완료,100.0,1,1
농공,충남,공주시,보물,완료,100.0,7,7
농공,충남,공주시,우성(전문),완료,100.0,5,5
농공,충남,공주시,유구,조성중,100.0,3,3
농공,충남,공주시,장기,완료,100.0,39,39
농공,충남,공주시,정안2,완료,100.0,19,19
농공,충남,공주시,월미,완료,100.0,20,19
농공,충남,공주시,의당복합,완료,100.0,2,2
농공,충남,논산시,가야곡,완료,100.0,17,15
농공,충남,논산시,동산,완료,100.0,2,2
농공,충남,논산시,양지,완료,100.0,5,5
농공,충남,논산시,양지제2,완료,100.0,4,4
농공,충남,논산시,연무,완료,100.0,1,1
농공,충남,논산시,연산,완료,100.0,12,12
농공,충남,논산시,은진,완료,100.0,3,3
농공,충남,보령시,대천,완료,100.0,15,9
농공,충남,보령시,웅천,완료,100.0,33,33
농공,충남,보령시,웅천석재,완료,100.0,21,21
농공,충남,보령시,주산,완료,100.0,3,3
농공,충남,보령시,주포,완료,100.0,19,19
농공,충남,보령시,주포제2,완료,93.88,14,14
농공,충남,보령시,청소,완료,100.0,21,21
농공,충남,서산시,고북,완료,100.0,15,9
농공,충남,서산시,명천자동차전문,완료,100.0,7,7
농공,충남,서산시,성연,완료,100.0,4,4
농공,충남,서산시,수석,완료,100.0,31,30
농공,충남,아산시,도고,완료,100.0,7,6
농공,충남,아산시,둔포,완료,100.0,3,3
농공,충남,아산시,둔포제2,완료,100.0,3,3
농공,충남,아산시,득산,완료,100.0,25,25
농공,충남,아산시,배미,완료,100.0,3,3
농공,충남,아산시,신인,완료,100.0,2,1
농공,충남,아산시,신창,완료,100.0,6,6
농공,충남,아산시,영인,완료,100.0,4,4
농공,충남,아산시,탕정,완료,100.0,3,3
농공,충남,천안시,동면,완료,100.0,6,6
농공,충남,천안시,목천,완료,100.0,2,1
농공,충남,천안시,백석,완료,100.0,120,120
농공,충남,천안시,직산,완료,100.0,17,14
농공,충남,금산군,금성,완료,100.0,23,23
농공,충남,금산군,복수,완료,100.0,17,13
농공,충남,금산군,인삼약초특화,완료,72.46,10,3
농공,충남,금산군,추부,완료,100.0,31,29
농공,충남,당진시,당진,완료,100.0,14,14
농공,충남,당진시,면천,완료,100.0,10,10
농공,충남,당진시,석문,완료,100.0,4,4
농공,충남,당진시,송악,완료,100.0,25,24
농공,충남,당진시,신평,완료,100.0,12,12
농공,충남,당진시,한진,완료,88.7,2,2
농공,충남,당진시,합덕,완료,100.0,27,23
농공,충남,서천군,서면(김가공특화),완료,73.33,7,7
농공,충남,서천군,종천,완료,100.0,33,31
농공,충남,서천군,종천2,완료,73.28,10,9
농공,충남,예산군,고덕,완료,100.0,3,3
농공,충남,예산군,관작전문,완료,100.0,10,8
농공,충남,예산군,삽교전문,완료,100.0,7,7
농공,충남,예산군,충남동물약품수출단지(구:신암농공),완료,100.0,10,10
농공,충남,예산군,예덕,완료,100.0,1,1
농공,충남,예산군,예산,완료,100.0,25,25
농공,충남,예산군,응봉,완료,100.0,6,6
농공,충남,예산군,증곡전문,완료,100.0,2,2
농공,충남,청양군,비봉,완료,100.0,10,6
농공,충남,청양군,운곡,완료,100.0,12,10
농공,충남,청양군,정산,완료,100.0,3,3
농공,충남,청양군,학당,완료,100.0,3,3
농공,충남,청양군,화성,완료,100.0,20,19
농공,충남,태안군,태안,완료,100.0,26,26
농공,충남,홍성군,갈산전문,완료,100.0,15,14
농공,충남,홍성군,갈산2전문,조성중,30.0,0,0
농공,충남,홍성군,결성전문,완료,100.0,26,20
농공,충남,홍성군,광천,완료,100.0,14,14
농공,충남,홍성군,광천김특화,완료,100.0,9,9
농공,충남,홍성군,구항,완료,100.0,9,7
농공,충남,홍성군,은하,완료,100.0,3,0
농공,충남,홍성군,은하전문,완료,100.0,8,7
농공,충남,청양군,운곡2,완료,100.0,10,10
농공,충남,공주시,월미2,완료,85.71,10,10
농공,충남,계룡시,계룡제2,완료,89.52,24,24
농공,충남,논산시,강경,완료,100.0,5,5
농공,충남,부여군,은산패션전문,완료,100.0,0,0
농공,충남,서천군,장항원수,완료,100.0,31,25
농공,충남,공주시,정안1,완료,100.0,19,19
농공,충남,논산시,노성특화,완료,94.83,15,7
농공,충남,논산시,가야곡2,미개발,0.0,0,0
농공,충남,부여군,은산산업단지(구 은산농공단지),완료,100.0,19,17
농공,충남,부여군,은산2산업단지(구 은산2농공단지),완료,100.0,11,9
농공,충남,부여군,임천산업단지(구 임천농공단지),완료,100.0,6,6
농공,충남,부여군,장암산업단지(구:장암농공단지),완료,100.0,1,1
농공,충남,부여군,홍산산업단지(구 홍산농공단지),완료,100.0,12,12
농공,충남,청양군,정산2,미개발,0.0,0,0
농공,충남,보령시,청라,완료,41.86,3,0
농공,충남,공주시,제이팜스,미개발,0.0,0,0
농공,충남,태안군,태안제2,미개발,0.0,0,0
국가,전북,군산시,군산,완료,100.0,208,174
국가,전북,군산시,군산2(구 군장지구) (① + ②),완료,98.94,642,583
국가,전북,군산시,군산2국가산업단지(구 군장) ①,완료,100.0,585,527
국가,전북,군산시,군산(자유무역) ②,완료,90.59,57,56
국가,전북,익산시,익산[재생사업지구],완료,100.0,323,267
국가,전북,익산시,국가식품클러스터 (① + ②),완료,80.9,217,134
국가,전북,익산시,국가식품클러스터(산업단지) ①,완료,86.02,216,133
국가,전북,익산시,국가식품클러스터(중소협력외국인) ②,완료,19.83,1,1
국가,전북,군산시,새만금지구,조성중,88.9,77,41
국가,전북,전주시,전주탄소소재,미개발,0.0,0,0
일반,전북,군산시,군산,완료,100.0,81,81
일반,전북,김제시,김제순동,완료,100.0,35,35
일반,전북,익산시,익산제2,완료,100.0,212,212
일반,전북,전주시,전주제2,완료,100.0,29,29
일반,전북,전주시,전주친환경첨단복합(1단계),완료,100.0,86,82
일반,전북,전주시,전주시자원순환특화,완료,100.0,11,10
일반,전북,정읍시,정읍제1,완료,100.0,7,7
일반,전북,정읍시,정읍제2,완료,100.0,69,69
일반,전북,정읍시,정읍제3,완료,100.0,55,55
일반,전북,정읍시,정읍첨단과학(RFT),완료,98.59,51,41
일반,전북,고창군,고창,조성중,39.69,3,3
일반,전북,부안군,부안신·재생에너지,완료,77.92,3,1
일반,전북,완주군,완주,완료,100.0,84,84
일반,전북,완주군,전주과학,완료,100.0,222,220
일반,전북,완주군,완주테크노밸리,완료,100.0,123,119
일반,전북,익산시,익산제4(구 익산종합의료과학),완료,92.48,28,27
일반,전북,익산시,익산제3 (① + ②),완료,88.15,108,101
일반,전북,익산시,익산제3 ①,완료,86.73,104,98
일반,전북,익산시,익산제3(외국인) ②,완료,100.0,4,3
일반,전북,완주군,완주테크노밸리(2단계),조성중,91.18,18,18
일반,전북,전주시,전주친환경첨단복합(3-1단계),완료,100.0,3,3
일반,전북,김제시,지평선 (① + ②),완료,92.49,133,111
일반,전북,김제시,지평선 ①,완료,93.04,97,80
일반,전북,김제시,김제(자유무역) ②,완료,91.62,36,31
일반,전북,남원시,남원,조성중,12.31,5,5
일반,전북,전주시,전주제1[재생사업지구],완료,100.0,121,114
일반,전북,김제시,백구,조성중,0.0,0,0
일반,전북,김제시,지평선제2일반산업단지,미개발,0.0,0,0
도시첨단,전북,전주시,전주도시첨단,완료,100.0,75,70
농공,전북,군산시,서수,완료,100.0,53,52
농공,전북,군산시,성산,완료,100.0,25,24
농공,전북,군산시,옥구,완료,100.0,51,51
농공,전북,김제시,대동전문,완료,100.0,27,27
농공,전북,김제시,만경,완료,100.0,28,28
농공,전북,김제시,봉황,완료,100.0,44,43
농공,전북,김제시,서흥,완료,100.0,35,35
농공,전북,김제시,월촌,완료,100.0,25,25
농공,전북,김제시,황산,완료,100.0,11,11
농공,전북,남원시,광치1(구 광치),완료,100.0,21,21
농공,전북,남원시,광치2,완료,100.0,29,28
농공,전북,남원시,노암,완료,100.0,30,30
농공,전북,남원시,노암제2,완료,100.0,13,13
농공,전북,남원시,어현,완료,100.0,1,0
농공,전북,남원시,인월,완료,100.0,2,2
농공,전북,익산시,낭산,완료,100.0,15,15
농공,전북,익산시,삼기,완료,100.0,40,40
농공,전북,익산시,왕궁,완료,100.0,17,17
농공,전북,익산시,황등,완료,100.0,57,57
농공,전북,정읍시,고부,완료,100.0,13,13
농공,전북,정읍시,농소,완료,100.0,6,6
농공,전북,정읍시,북면,완료,100.0,41,41
농공,전북,정읍시,신용전문,완료,100.0,6,6
농공,전북,정읍시,신태인,완료,100.0,15,14
농공,전북,정읍시,태인,완료,100.0,31,30
농공,전북,고창군,고수,완료,96.39,22,21
농공,전북,고창군,복분자,완료,89.76,14,12
농공,전북,고창군,아산,완료,100.0,26,25
농공,전북,고창군,흥덕,완료,100.0,17,15
농공,전북,무주군,무주,완료,100.0,2,2
농공,전북,무주군,무주제2,완료,100.0,10,10
농공,전북,무주군,안성,완료,100.0,14,8
농공,전북,부안군,부안,완료,100.0,32,32
농공,전북,부안군,부안제2,완료,100.0,11,11
농공,전북,부안군,줄포,완료,100.0,16,16
농공,전북,순창군,가남,완료,100.0,2,2
농공,전북,순창군,쌍암,완료,100.0,8,7
농공,전북,순창군,풍산,완료,90.18,9,8
농공,전북,완주군,이서특별,완료,100.0,6,6
농공,전북,임실군,신평,완료,100.0,10,10
농공,전북,임실군,오수,완료,100.0,23,21
농공,전북,임실군,임실,완료,100.0,1,1
농공,전북,장수군,장계,완료,100.0,10,5
농공,전북,장수군,천천,완료,100.0,9,6
농공,전북,진안군,진안제2,완료,100.0,36,36
농공,전북,진안군,진안홍삼한방,완료,100.0,38,38
농공,전북,군산시,임피,완료,95.43,43,38
농공,전북,순창군,인계(구 제2장류),완료,100.0,10,10
농공,전북,남원시,노암제3,완료,84.21,34,34
농공,전북,장수군,장수,완료,95.7,20,14
농공,전북,임실군,임실제2,완료,100.0,0,0
농공,전북,김제시,백구,조성중,100.0,35,33
농공,전북,순창군,풍산제2,완료,87.9,6,6
농공,전북,정읍시,소성특화,완료,61.35,18,13
농공,전북,진안군,진안연장,완료,100.0,11,11
농공,전북,부안군,부안제3,완료,19.74,10,8
농공,전북,익산시,함열,완료,30.29,1,1
농공,전북,정읍시,철도산업,완료,76.92,5,2
농공,전북,완주군,완주,완료,94.85,39,39
농공,전북,임실군,오수제2,조성중,22.73,2,2
국가,전남,여수시,삼일자원비축,완료,100.0,2,2
국가,전남,여수시,여수,조성중,100.0,321,290
국가,전남,영암군,대불국가산업단지 (① + ② + ③ + ④),완료,99.66,417,366
국가,전남,영암군,대불(산업) ①,완료,100.0,357,311
국가,전남,영암군,대불(외국인) ②,완료,100.0,31,26
국가,전남,영암군,대불(자유무역) ③,완료,97.61,29,29
국가,전남,영암군,대불(주거단지) ④,완료,100.0,0,0
국가,전남,함평군,빛그린 (①),조성중,98.94,37,20
국가,전남,함평군,빛그린(전라남도 구역) ①,조성중,98.94,37,20
국가,전남,광양시,광양국가,조성중,99.79,202,172
국가,전남,나주시,나주에너지국가산업단지,미개발,0.0,0,0
일반,전남,광양시,신금,완료,91.48,42,35
일반,전남,광양시,황금,조성중,54.83,1,1
일반,전남,광양시,광양익신,완료,93.75,58,53
일반,전남,나주시,나주,완료,98.76,48,32
일반,전남,나주시,문평,완료,100.0,9,8
일반,전남,목포시,세라믹,완료,98.67,33,13
일반,전남,목포시,삽진,완료,100.0,45,45
일반,전남,목포시,대양,완료,91.16,175,149
일반,전남,순천시,순천[재생사업지구],완료,100.0,34,33
일반,전남,순천시,해룡,조성중,100.0,45,45
일반,전남,여수시,율촌제1 (① + ②),조성중,98.69,148,126
일반,전남,여수시,율촌제1 ①,조성중,99.32,129,111
일반,전남,순천시,율촌(자유무역) ②,완료,84.06,19,15
일반,전남,여수시,여수오천,완료,100.0,39,36
일반,전남,여수시,율촌제2,미개발,0.0,0,0
일반,전남,영암군,삼호,완료,100.0,1,1
일반,전남,장성군,장성나노기술,완료,100.0,231,209
일반,전남,진도군,군내,조성중,100.0,1,0
일반,전남,광양시,세풍(광양만권경제자유구역),조성중,98.66,5,5
일반,전남,영광군,대마전기자동차(구 대마),완료,86.29,52,45
일반,전남,장흥군,장흥바이오식품(구 해당),조성중,64.98,82,31
일반,전남,해남군,화원조선(구 화원),조성중,100.0,0,0
일반,전남,화순군,화순생물의약(구 화순),완료,98.97,19,19
일반,전남,영암군,용당,미개발,0.0,0,0
일반,전남,함평군,동함평,완료,92.42,79,46
일반,전남,담양군,에코하이테크담양(구 담양),완료,100.0,118,112
일반,전남,여수시,묘도녹색,조성중,0.0,0,0
일반,전남,나주시,나주신도,완료,88.05,16,14
일반,전남,무안군,운남,조성중,0.0,0,0
일반,전남,강진군,강진,완료,60.73,32,5
일반,전남,나주시,나주혁신(구 나주미래),완료,96.79,172,103
일반,전남,무안군,무안항공특화,완료,42.01,0,0
일반,전남,화순군,화순생물의학제2,미개발,0.0,0,0
일반,전남,강진군,강진제2일반산업단지,미개발,0.0,0,0
도시첨단,전남,순천시,순천,조성중,0.0,0,0
농공,전남,나주시,금천,완료,100.0,1,1
농공,전남,나주시,노안,완료,100.0,35,23
농공,전남,나주시,동수,완료,100.0,56,34
농공,전남,나주시,문평,완료,100.0,7,4
농공,전남,나주시,봉황,완료,100.0,20,9
농공,전남,나주시,오량,완료,100.0,53,35
농공,전남,목포시,산정,완료,100.0,152,152
농공,전남,순천시,주암,완료,100.0,33,33
농공,전남,여수시,화양,완료,100.0,21,18
농공,전남,강진군,마량,완료,100.0,15,15
농공,전남,고흥군,풍양,완료,100.0,9,6
농공,전남,곡성군,겸면,완료,100.0,12,7
농공,전남,곡성군,석곡,완료,100.0,13,7
농공,전남,곡성군,입면,완료,100.0,1,1
농공,전남,구례군,간전,완료,100.0,14,14
농공,전남,담양군,금성,완료,100.0,37,33
농공,전남,담양군,무정,완료,100.0,41,37
농공,전남,무안군,삼향,완료,100.0,50,45
농공,전남,무안군,일로,완료,100.0,30,29
농공,전남,무안군,청계,완료,100.0,58,57
농공,전남,무안군,청계2,완료,100.0,27,25
농공,전남,보성군,미력,완료,100.0,21,15
농공,전남,보성군,벌교,완료,100.0,17,17
농공,전남,보성군,조성,완료,100.0,33,31
농공,전남,신안군,지도,완료,100.0,1,1
농공,전남,영광군,군서,완료,100.0,25,19
농공,전남,영광군,칠곡,완료,100.0,1,0
농공,전남,영암군,군서,완료,100.0,15,15
농공,전남,영암군,신북,완료,100.0,16,16
농공,전남,완도군,완도,완료,100.0,78,77
농공,전남,완도군,죽청,완료,100.0,69,64
농공,전남,장성군,동화,완료,100.0,27,27
농공,전남,장성군,동화전자종합,완료,100.0,34,33
농공,전남,장성군,삼계,완료,100.0,17,16
농공,전남,장흥군,장평,완료,100.0,20,15
농공,전남,진도군,고군,완료,100.0,27,21
농공,전남,진도군,군내,완료,42.11,10,2
농공,전남,함평군,학교,완료,100.0,25,23
농공,전남,함평군,함평,완료,100.0,9,9
농공,전남,해남군,옥천,완료,100.0,20,16
농공,전남,화순군,능주,완료,100.0,40,40
농공,전남,화순군,도곡,완료,100.0,48,48
농공,전남,화순군,동면,완료,100.0,69,69
농공,전남,화순군,이양,완료,100.0,13,13
농공,전남,나주시,남평,미개발,0.0,1,0
농공,전남,장흥군,장흥,완료,19.79,5,2
농공,전남,함평군,해보,완료,100.0,44,40
농공,전남,장흥군,장평제2,완료,100.0,2,2
농공,전남,영광군,영광식품산업특화,조성중,0.0,0,0
농공,전남,완도군,완도해양생물특화,완료,100.0,24,16
농공,전남,해남군,땅끝해남식품특화,완료,98.88,18,14
농공,전남,고흥군,청정식품(구 동강),완료,100.0,21,16
농공,전남,구례군,자연드림파크(구 용방),완료,100.0,19,19
농공,전남,영암군,영암특화,완료,100.0,16,12
농공,전남,영광군,송림그린테크 (구 송림),완료,100.0,33,32
농공,전남,화순군,동면제2,완료,100.0,23,21
농공,전남,담양군,에코-하이테크,완료,100.0,48,46
농공,전남,함평군,학교명암축산특화,조성중,9.47,1,1
농공,전남,해남군,화원조선,완료,100.0,1,1
농공,전남,화순군,화순식품,완료,100.0,2,2
농공,전남,여수시,화양한옥,조성중,0.0,0,0
농공,전남,고흥군,동강특화,조성중,0.0,0,0
농공,전남,순천시,해룡선월지구,조성중,100.0,0,0
농공,전남,구례군,자연드림파크2단지,완료,100.0,4,3
농공,전남,곡성군,운곡특화,조성중,0.0,0,0
농공,전남,강진군,칠량,완료,100.0,23,22
농공,전남,무안군,몽탄특화,완료,100.0,1,1
농공,전남,영광군,묘량,조성중,100.0,0,0
농공,전남,고흥군,고흥무인항공영농기술특화농공단지,미개발,0.0,0,0
농공,전남,보성군,조송제2농공단지,조성중,0.0,0,0
국가,경북,경주시,월성전원,완료,100.0,1,1
국가,경북,구미시,구미국가(1단지)[재생사업지구],완료,100.0,2936,2330
국가,경북,구미시,구미국가(2-4단지) (① + ② + ③ + ④),조성중,96.17,24,23
국가,경북,구미시,구미국가(2-3단지) ①,완료,100.0,0,0
국가,경북,구미시,구미국가(4단지) (② + ③),완료,93.06,24,23
국가,경북,구미시,▷구미4(산업) ②,완료,100.0,0,0
국가,경북,구미시,▷구미4(구미외국인) ③,완료,66.15,24,23
국가,경북,구미시,구미(확장단지) ④,조성중,0.0,0,0
국가,경북,구미시,구미하이테크밸리,조성중,99.04,0,0
국가,경북,포항시,포항국가,조성중,100.0,105,97
국가,경북,포항시,포항블루밸리,조성중,62.79,43,18
국가,경북,영주시,영주첨단베어링국가산업단지,미개발,0.0,0,0
일반,경북,경산시,경산1,완료,100.0,194,166
일반,경북,경산시,경산2,완료,100.0,105,97
일반,경북,경주시,강동,조성중,99.16,77,60
일반,경북,경주시,건천제1,완료,100.0,6,6
일반,경북,경주시,건천제2,완료,100.0,21,21
일반,경북,경주시,명계2,완료,32.81,2,1
일반,경북,경주시,문산,완료,100.0,26,26
일반,경북,경주시,석계,완료,100.0,35,35
일반,경북,경주시,석계2,완료,100.0,14,14
일반,경북,경주시,외동,완료,100.0,22,22
일반,경북,경주시,외동2,완료,100.0,39,39
일반,경북,경주시,천북,조성중,97.72,117,116
일반,경북,경주시,화산,완료,100.0,14,14
일반,경북,문경시,신기제2,완료,87.46,40,40
일반,경북,상주시,상주청리,완료,97.71,9,6
일반,경북,상주시,상주한방,완료,96.86,2,2
일반,경북,안동시,경북바이오,완료,100.0,40,34
일반,경북,포항시,신흥,조성중,0.0,0,0
일반,경북,포항시,영일만2,완료,100.0,10,9
일반,경북,포항시,포항4,완료,100.0,98,81
일반,경북,고령군,개진,완료,100.0,35,35
일반,경북,고령군,성산,조성중,100.0,0,0
일반,경북,성주군,성주,완료,100.0,53,52
일반,경북,성주군,월항,완료,100.0,14,11
일반,경북,영주시,두전,완료,100.0,6,5
일반,경북,영주시,영주,완료,100.0,53,53
일반,경북,영천시,고경,조성중,0.0,0,0
일반,경북,칠곡군,왜관 (① + ②),완료,100.0,376,353
일반,경북,칠곡군,왜관(기존) ①,완료,100.0,283,266
일반,경북,칠곡군,왜관(추가) ②,완료,100.0,93,87
일반,경북,칠곡군,왜관3,완료,100.0,51,50
일반,경북,영주시,가흥,완료,100.0,8,8
일반,경북,포항시,광명,조성중,79.02,10,6
일반,경북,포항시,영일만3,완료,55.48,5,3
일반,경북,포항시,영일만4,조성중,100.0,7,1
일반,경북,경주시,모화,완료,100.0,43,43
일반,경북,경산시,경산4,완료,93.34,75,45
일반,경북,영주시,갈산,완료,87.13,5,4
일반,경북,포항시,영일만 (① + ②),완료,100.0,16,13
일반,경북,포항시,영일만 ①,완료,100.0,12,9
일반,경북,포항시,영일만(포항외국인) ②,완료,100.0,4,4
일반,경북,경주시,제내2,조성중,97.96,4,1
일반,경북,경주시,서동,완료,100.0,1,1
일반,경북,경주시,구어2,완료,100.0,44,32
일반,경북,경주시,건천용명,조성중,100.0,6,6
일반,경북,칠곡군,연화,완료,100.0,9,9
일반,경북,경주시,천북2,조성중,12.96,1,1
일반,경북,경주시,녹동,조성중,100.0,16,13
일반,경북,봉화군,석포,미개발,0.0,0,0
일반,경북,성주군,성주2,완료,100.0,27,27
일반,경북,경주시,나아,조성중,69.77,0,0
일반,경북,경주시,제내5,조성중,100.0,0,0
일반,경북,포항시,그린,미개발,0.0,0,0
일반,경북,경주시,문산2,완료,100.0,35,6
일반,경북,경주시,검단,조성중,52.3,2,2
일반,경북,경주시,석계4,완료,26.83,9,7
일반,경북,경주시,양남,미개발,0.0,0,0
일반,경북,고령군,열뫼,조성중,100.0,0,0
일반,경북,김천시,김천1,완료,100.0,78,78
일반,경북,문경시,신기,완료,100.0,6,6
일반,경북,영천시,영천첨단부품소재(대구경북경제자유구역),완료,100.0,61,54
일반,경북,고령군,월성,조성중,0.0,0,0
일반,경북,안동시,경북바이오2차,조성중,0.0,7,7
일반,경북,경주시,건천4,조성중,0.0,0,0
일반,경북,경주시,명계3,조성중,100.0,17,5
일반,경북,김천시,김천1(3단계),완료,84.38,28,28
일반,경북,경주시,대곡2,조성중,0.0,0,0
일반,경북,경산시,경산3(구 진량2),완료,100.0,69,60
일반,경북,경산시,경산1-1(구 진량3),완료,100.0,3,2
일반,경북,고령군,고령1(구 다산),완료,100.0,68,62
일반,경북,고령군,고령2(구 다산2),완료,100.0,81,73
일반,경북,영주시,SK스페셜티일반산업단지(구:SK머티리얼즈),완료,100.0,2,2
일반,경북,고령군,동고령(구 박곡),완료,100.0,68,60
일반,경북,고령군,송곡,미개발,0.0,0,0
일반,경북,상주시,상주,완료,63.29,4,4
일반,경북,경주시,외동3,조성중,0.0,0,0
일반,경북,경주시,혁신원자력연구,조성중,0.0,0,0
일반,경북,영천시,대창,미개발,0.0,0,0
일반,경북,경산시,경산화장품특화,조성중,0.0,0,0
일반,경북,영천시,영천금호,미개발,0.0,0,0
일반,경북,의성군,의성바이오밸리,미개발,0.0,0,0
일반,경북,경산시,경산상림재활산업특화단지,미개발,0.0,0,0
일반,경북,경주시,문산3일반산업단지,조성중,0.0,0,0
일반,경북,김천시,김천1일반산업단지(4단계),미개발,0.0,0,0
일반,경북,김천시,김천자동차튜닝일반산업단지,미개발,0.0,0,0
일반,경북,청도군,청도자연드림파크일반산업단지,미개발,0.0,0,0
도시첨단,경북,김천시,경북김천혁신도시,조성중,0.0,0,0
도시첨단,경북,예천군,경북도청신도시(2단계)도시첨단산업단지,조성중,0.0,0,0
농공,경북,경주시,건천,완료,100.0,7,7
농공,경북,경주시,내남,완료,100.0,3,3
농공,경북,경주시,서면,완료,100.0,14,13
농공,경북,경주시,안강,완료,100.0,13,12
농공,경북,경주시,외동,완료,100.0,5,5
농공,경북,구미시,고아,완료,100.0,47,44
농공,경북,구미시,산동,완료,100.0,16,15
농공,경북,구미시,해평,완료,100.0,16,16
농공,경북,김천시,감문,완료,100.0,14,14
농공,경북,김천시,대광,완료,100.0,34,34
농공,경북,김천시,아포,완료,100.0,32,32
농공,경북,김천시,지례,완료,100.0,4,4
농공,경북,문경시,가은,완료,100.0,11,11
농공,경북,문경시,가은제2,완료,100.0,9,9
농공,경북,문경시,마성,완료,100.0,19,19
농공,경북,문경시,산양,완료,100.0,16,16
농공,경북,문경시,영순,완료,100.0,5,5
농공,경북,문경시,영순제2,완료,100.0,14,14
농공,경북,상주시,공성,완료,100.0,11,9
농공,경북,상주시,외답,완료,100.0,27,21
농공,경북,상주시,함창,완료,100.0,14,11
농공,경북,상주시,함창제2,완료,100.0,14,10
농공,경북,상주시,화동,완료,100.0,7,5
농공,경북,상주시,화서,완료,100.0,5,4
농공,경북,상주시,화서제2,완료,89.11,6,3
농공,경북,안동시,남선,완료,100.0,16,15
농공,경북,안동시,남후,완료,100.0,40,39
농공,경북,안동시,풍산,완료,100.0,26,24
농공,경북,영주시,문수,완료,100.0,15,14
농공,경북,영주시,반구전문,조성중,100.0,19,19
농공,경북,영주시,봉현,완료,100.0,25,25
농공,경북,영주시,장수,완료,100.0,38,38
농공,경북,영주시,적서,완료,100.0,1,1
농공,경북,영주시,휴천,완료,100.0,1,1
농공,경북,영천시,고경,완료,100.0,11,8
농공,경북,영천시,도남,완료,100.0,17,15
농공,경북,영천시,본촌,완료,100.0,10,10
농공,경북,영천시,북안,완료,100.0,15,14
농공,경북,영천시,화산,완료,100.0,17,14
농공,경북,포항시,청하,완료,100.0,25,23
농공,경북,고령군,개진,완료,100.0,32,29
농공,경북,고령군,쌍림,완료,100.0,46,40
농공,경북,봉화군,봉화,완료,100.0,16,12
농공,경북,봉화군,봉화제2,완료,100.0,16,16
농공,경북,성주군,선남,완료,100.0,10,10
농공,경북,성주군,성주,완료,100.0,12,11
농공,경북,성주군,월항,완료,100.0,27,26
농공,경북,영덕군,영덕,완료,100.0,15,15
농공,경북,예천군,예천,완료,100.0,8,7
농공,경북,울진군,울진,완료,100.0,12,11
농공,경북,의성군,다인,완료,100.0,18,11
농공,경북,의성군,봉양,완료,100.0,23,19
농공,경북,의성군,의성,완료,100.0,23,16
농공,경북,의성군,단밀,완료,100.0,17,14
농공,경북,청도군,청도,완료,100.0,14,12
농공,경북,청도군,풍각,완료,100.0,27,25
농공,경북,칠곡군,기산,완료,100.0,23,22
농공,경북,문경시,산양제2,완료,57.14,19,19
농공,경북,울진군,평해,완료,65.59,17,12
농공,경북,봉화군,유곡,완료,59.4,13,12
농공,경북,영덕군,영덕로하스특화,완료,100.0,20,20
농공,경북,영덕군,영덕제2,완료,26.15,8,8
농공,경북,예천군,예천제2,완료,89.13,19,18
농공,경북,칠곡군,칠곡농기계특화,완료,100.0,28,27
농공,경북,영양군,남영양,완료,78.57,4,3
농공,경북,울진군,죽변해양바이오,완료,16.67,6,5
농공,경북,구미시,고아제2,완료,13.33,0,0
농공,경북,예천군,예천제3농공단지,미개발,0.0,0,0
국가,경남,거제시,옥포,조성중,100.0,1,1
국가,경남,거제시,죽도,조성중,100.0,1,1
국가,경남,거제시,지세포자원비축,완료,100.0,1,1
국가,경남,통영시,안정,조성중,100.0,12,10
국가,경남,창원시 진해구,명지·녹산 (①),완료,0.0,0,0
국가,경남,창원시 진해구,녹산지구(주거단지) ①,완료,0.0,0,0
국가,경남,창원시,창원[재생사업지구:부분],조성중,100.0,3257,2821
국가,경남,창원시 진해구,진해,조성중,100.0,3,3
국가,경남,밀양시,밀양나노융합,조성중,43.05,2,2
국가,경남,사천시,경남항공 (① + ②),조성중,5.24,0,0
국가,경남,사천시,경남항공(사천지구) ①,조성중,4.58,0,0
국가,경남,진주시,경남항공(진주지구) ②,조성중,6.02,0,0
국가,경남,창원시,마산자유무역지역국가산업단지,완료,100.0,194,194
일반,경남,거제시,오비,완료,100.0,4,4
일반,경남,김해시,나전,조성중,100.0,0,0
일반,경남,김해시,덕암,완료,100.0,35,35
일반,경남,김해시,명동,완료,100.0,37,37
일반,경남,김해시,주호,완료,100.0,20,20
일반,경남,밀양시,사포,완료,100.0,46,46
일반,경남,밀양시,용전,완료,100.0,23,23
일반,경남,밀양시,하남,완료,100.0,7,7
일반,경남,사천시,흥사,미개발,0.0,0,0
일반,경남,양산시,덕계,완료,95.02,34,34
일반,경남,양산시,유산,완료,100.0,15,15
일반,경남,양산시,산막,조성중,100.0,216,216
일반,경남,양산시,어곡,완료,100.0,163,163
일반,경남,진주시,가산,완료,66.67,1,1
일반,경남,진주시,정촌,완료,100.0,100,100
일반,경남,진주시,진주상평,완료,100.0,438,437
일반,경남,통영시,법송동원(구:법송),조성중,0.0,0,0
일반,경남,통영시,덕포,미개발,0.0,0,0
일반,경남,통영시,안정,조성중,0.0,0,0
일반,경남,거창군,거창,완료,100.0,46,43
일반,경남,고성군,내산,조성중,100.0,1,1
일반,경남,고성군,대가룡,완료,100.0,1,1
일반,경남,고성군,대독,조성중,100.0,2,1
일반,경남,고성군,율대,완료,100.0,4,3
일반,경남,고성군,장좌,조성중,100.0,1,1
일반,경남,산청군,매촌,완료,100.0,2,2
일반,경남,산청군,매촌제2,완료,100.0,3,3
일반,경남,창녕군,넥센,조성중,100.0,1,1
일반,경남,창녕군,대합,완료,100.0,44,44
일반,경남,창녕군,억만,완료,100.0,2,1
일반,경남,하동군,갈사만조선,조성중,0.0,0,0
일반,경남,하동군,대송,조성중,12.13,0,0
일반,경남,함안군,군북월촌,완료,100.0,7,6
일반,경남,함안군,법수우거,완료,100.0,11,8
일반,경남,함안군,칠서,완료,100.0,104,104
일반,경남,함양군,함양,완료,90.2,5,2
일반,경남,함양군,휴천,완료,100.0,1,0
일반,경남,함안군,대사,완료,95.1,31,21
일반,경남,양산시,덕계경동스마트밸리일반산업단지(구:덕계월라),조성중,0.0,0,0
일반,경남,함안군,법수강주,완료,100.0,20,16
일반,경남,창원시 성산구,천선,완료,100.0,25,25
일반,경남,창원시 마산합포구,수곡,조성중,100.0,8,8
일반,경남,창원시 마산합포구,진전평암,완료,100.0,1,1
일반,경남,창원시 마산합포구,진북,완료,100.0,61,61
일반,경남,창원시 진해구,남양지구,완료,100.0,52,52
일반,경남,창원시 진해구,마천,완료,100.0,114,114
일반,경남,창원시 진해구,죽곡,완료,100.0,7,7
일반,경남,창원시,창원,완료,100.0,54,54
일반,경남,양산시,어곡제2,조성중,29.52,0,0
일반,경남,김해시,나전2,조성중,60.26,0,0
일반,경남,진주시,지수,완료,100.0,2,2
일반,경남,김해시,오척,완료,100.0,21,21
일반,경남,김해시,김해GoldenRoot(구 김해),완료,100.0,155,155
일반,경남,거제시,모사,조성중,100.0,1,1
일반,경남,창녕군,하리,조성중,0.0,1,1
일반,경남,창원시,창곡,완료,100.0,6,6
일반,경남,사천시,축동,조성중,0.0,5,5
일반,경남,사천시,대동,조성중,0.0,0,0
일반,경남,함안군,장지,완료,100.0,1,1
일반,경남,김해시,김해테크노밸리,완료,100.0,388,388
일반,경남,의령군,대의,조성중,0.0,0,0
일반,경남,김해시,서김해,완료,92.78,43,43
일반,경남,의령군,정곡백곡,미개발,0.0,0,0
일반,경남,김해시,가산,완료,100.0,2,1
일반,경남,김해시,이노비즈밸리,완료,100.0,3,3
일반,경남,김해시,덕암2,조성중,100.0,0,0
일반,경남,김해시,김해사이언스파크,조성중,100.0,0,0
일반,경남,함안군,칠북영동,완료,100.0,6,3
일반,경남,김해시,신천,완료,100.0,7,7
일반,경남,함안군,사내,조성중,100.0,2,1
일반,경남,사천시,종포,완료,100.0,12,10
일반,경남,양산시,토정,조성중,0.0,0,0
일반,경남,양산시,용당,완료,100.0,56,56
일반,경남,함안군,가연,완료,0.0,0,0
일반,경남,거제시,오비2,미개발,0.0,0,0
일반,경남,창원시,동전,완료,85.29,57,41
일반,경남,양산시,서창,완료,100.0,49,49
일반,경남,김해시,병동,조성중,100.0,0,0
일반,경남,창원시,안골,미개발,0.0,0,0
일반,경남,거제시,덕곡,조성중,0.0,0,0
일반,경남,양산시,석계2,완료,100.0,150,150
일반,경남,통영시,법송2,완료,100.0,0,0
일반,경남,고성군,봉암동원,완료,73.77,1,1
일반,경남,사천시,대진,조성중,0.0,0,0
일반,경남,함안군,화천,미개발,0.0,0,0
일반,경남,김해시,본산,미개발,0.0,0,0
일반,경남,밀양시,용전3,미개발,0.0,11,0
일반,경남,창원시 진해구,죽곡2,미개발,0.0,0,0
일반,경남,함안군,칠원용산,조성중,0.0,0,0
일반,경남,창원시 성산구,상복,완료,41.86,6,6
일반,경남,진주시,진주(사봉),완료,100.0,71,71
일반,경남,김해시,AM하이테크,완료,100.0,38,38
일반,경남,김해시,이지(Eco-Zone),조성중,100.0,0,0
일반,경남,사천시,향촌2,완료,0.0,0,0
일반,경남,산청군,산청한방항노화,완료,0.0,0,0
일반,경남,사천시,사천제1 (① + ②),완료,99.69,51,47
일반,경남,사천시,사천제1 ①,완료,100.0,34,30
일반,경남,사천시,사천(외국인) ②,완료,98.99,17,17
일반,경남,사천시,사천제2,완료,100.0,19,17
일반,경남,창녕군,영남,미개발,0.0,0,0
일반,경남,김해시,김해대동첨단,완료,93.64,0,0
일반,경남,양산시,가산,조성중,0.0,10,10
일반,경남,함안군,부목2,미개발,0.0,0,0
일반,경남,양산시,양산[재생사업지구],완료,100.0,113,113
일반,경남,진주시,뿌리,완료,73.19,61,61
일반,경남,함안군,함안(구 군북),완료,100.0,97,97
일반,경남,함안군,군북유현,미개발,0.0,0,0
일반,경남,사천시,용당(항공MRO),조성중,0.0,0,0
일반,경남,창녕군,대성하이스코,조성중,0.0,0,0
일반,경남,고성군,이당,조성중,85.51,1,1
일반,경남,창원시 마산회원구,평성,미개발,0.0,0,0
일반,경남,창원시,덕산,미개발,0.0,0,0
일반,경남,함안군,군북,조성중,0.0,0,0
일반,경남,의령군,부림,조성중,0.0,0,0
일반,경남,김해시,하계,미개발,0.0,0,0
일반,경남,사천시,사천서부,미개발,0.0,0,0
일반,경남,거창군,거창첨단,미개발,0.0,0,0
일반,경남,고성군,고성양촌·용정,조성중,0.0,0,0
일반,경남,양산시,양산주남일반산업단지,미개발,0.0,0,0
도시첨단,경남,창원시 마산합포구,창원덴소도시첨단(구 경남지능형홈산업),완료,100.0,1,1
도시첨단,경남,창원시,해양신도시,조성중,0.0,0,0
농공,경남,거제시,한내조선특화,완료,100.0,1,1
농공,경남,김해시,나전,완료,100.0,30,30
농공,경남,김해시,내삼,완료,100.0,39,39
농공,경남,김해시,병동,완료,100.0,26,26
농공,경남,김해시,본산,완료,100.0,16,16
농공,경남,김해시,봉림,완료,100.0,2,2
농공,경남,김해시,안하,완료,100.0,46,46
농공,경남,김해시,진영죽곡,완료,100.0,79,79
농공,경남,김해시,하계,완료,100.0,32,32
농공,경남,밀양시,미전,완료,100.0,22,22
농공,경남,밀양시,부북특별,조성중,100.0,3,3
농공,경남,밀양시,상남특별,완료,100.0,2,2
농공,경남,밀양시,제대,완료,100.0,2,2
농공,경남,밀양시,초동특별,완료,100.0,44,44
농공,경남,밀양시,하남,완료,100.0,30,28
농공,경남,밀양시,춘화,완료,100.0,20,18
농공,경남,사천시,곤양,완료,100.0,9,9
농공,경남,사천시,두량전문,완료,100.0,24,21
농공,경남,사천시,사남,완료,100.0,46,41
농공,경남,사천시,송포,완료,100.0,19,17
농공,경남,사천시,축동구호,완료,100.0,10,9
농공,경남,사천시,향촌삽재,완료,100.0,36,36
농공,경남,양산시,웅상,완료,100.0,10,10
농공,경남,진주시,대곡,완료,100.0,17,17
농공,경남,진주시,사봉,완료,100.0,18,18
농공,경남,진주시,생물산업전문,완료,100.0,22,22
농공,경남,진주시,실크융복합전문농공단지(구:실크전문),완료,100.0,29,29
농공,경남,진주시,이반성,완료,100.0,8,8
농공,경남,진주시,진성,완료,100.0,16,16
농공,경남,거창군,남산,완료,100.0,19,18
농공,경남,거창군,당산,완료,100.0,9,8
농공,경남,거창군,서울우유,완료,100.0,1,1
농공,경남,거창군,석강,완료,100.0,9,8
농공,경남,거창군,정장,완료,100.0,8,7
농공,경남,거창군,석강제2,완료,100.0,5,5
농공,경남,고성군,마동,완료,100.0,8,4
농공,경남,고성군,세송,완료,100.0,6,5
농공,경남,고성군,율대,완료,100.0,12,7
농공,경남,고성군,회화,완료,100.0,9,5
농공,경남,남해군,고현,완료,100.0,11,10
농공,경남,산청군,금서,완료,100.0,11,11
농공,경남,산청군,금서제2,완료,100.0,6,6
농공,경남,산청군,산청,완료,100.0,9,9
농공,경남,의령군,동동,완료,100.0,22,15
농공,경남,의령군,봉수,완료,100.0,31,30
농공,경남,의령군,부림,완료,100.0,8,8
농공,경남,의령군,정곡,완료,100.0,5,5
농공,경남,창녕군,남지,완료,100.0,7,6
농공,경남,창녕군,대지,완료,100.0,10,7
농공,경남,창녕군,대합,완료,100.0,12,10
농공,경남,창녕군,서리전문,완료,100.0,19,19
농공,경남,창녕군,송진전문,완료,100.0,5,4
농공,경남,하동군,고전,완료,100.0,6,6
농공,경남,하동군,금성조선,조성중,100.0,0,0
농공,경남,하동군,적량,완료,100.0,7,5
농공,경남,하동군,진교,완료,100.0,7,6
농공,경남,함안군,가야,완료,100.0,4,4
농공,경남,함안군,군북,완료,100.0,17,17
농공,경남,함안군,모로,완료,100.0,4,4
농공,경남,함안군,법수,완료,100.0,21,18
농공,경남,함안군,산인,완료,100.0,22,16
농공,경남,함안군,장암,완료,76.92,1,1
농공,경남,함안군,칠원용산,완료,100.0,22,22
농공,경남,함안군,칠원운서,완료,97.22,59,56
농공,경남,함안군,파수,완료,100.0,36,29
농공,경남,함안군,황사,완료,100.0,14,12
농공,경남,함양군,수동,완료,100.0,12,12
농공,경남,함양군,안의전문,완료,100.0,6,6
농공,경남,함양군,원평,완료,100.0,3,3
농공,경남,함양군,이은,완료,100.0,6,6
농공,경남,합천군,야로,완료,100.0,17,10
농공,경남,합천군,율곡,완료,100.0,23,20
농공,경남,합천군,적중,완료,100.0,6,3
농공,경남,밀양시,대미,완료,100.0,1,1
농공,경남,창원시 마산합포구,진북,완료,100.0,21,21
농공,경남,고성군,제일,완료,100.0,2,2
농공,경남,거창군,승강기전문,완료,100.0,15,13
농공,경남,함양군,안의제2전문,완료,100.0,16,10
농공,경남,산청군,화현,완료,73.33,7,2
농공,경남,함양군,함양중방전문,완료,100.0,6,2
농공,경남,함양군,인산죽염항노화,조성중,0.0,1,0
농공,경남,밀양시,상남2농공단지,미개발,0.0,0,0
국가,제주,제주시,제주첨단과학기술,완료,100.0,193,193
국가,제주,제주시,제주첨단과학기술2단지,미개발,0.0,0,0
일반,제주,제주시,용암해수,완료,100.0,21,20
농공,제주,서귀포시,대정,완료,100.0,24,21
농공,제주,제주시,구좌,완료,100.0,18,18
농공,제주,제주시,금능,완료,100.0,19,19
