material_name,sales_office,price,price_date
알루미늄(서구산),"부산,인천,대구,대전, 전북",4380000,2025-09-26
알루미늄(비서구산),"부산,인천,대구,전북",4370000,2025-09-26
구리(99.99%이상),"부산,인천,대구,대전, 전북",16100000,2025-09-26
납(99.99%이상),"인천,대구",3280000,2025-09-26
납(99.99%이상),전북,3200000,2025-09-26
납(99.99%이상),부산,3320000,2025-09-26
아연,"부산,인천,대구,전북",4880000,2025-09-26
주석(99.85%이상),"부산,인천,대구,전북",54080000,2025-09-26
주석(99.90%이상),"부산,인천,대구,전북",54240000,2025-09-26
니켈(합금용),"부산,인천,대구",25170000,2025-09-26
니켈(도금용),"부산,인천",25560000,2025-09-26
알루미늄(서구산),"부산,인천,대구,대전, 전북",4360000,2025-09-25
알루미늄(비서구산),"부산,인천,대구,전북",4350000,2025-09-25
구리(99.99%이상),"부산,인천,대구,대전, 전북",16190000,2025-09-25
납(99.99%이상),"인천,대구",3250000,2025-09-25
납(99.99%이상),전북,3170000,2025-09-25
납(99.99%이상),부산,3280000,2025-09-25
아연,"부산,인천,대구,전북",4900000,2025-09-25
주석(99.85%이상),"부산,인천,대구,전북",53690000,2025-09-25
주석(99.90%이상),"부산,인천,대구,전북",53850000,2025-09-25
니켈(합금용),"부산,인천,대구",25320000,2025-09-25
니켈(도금용),"부산,인천",25710000,2025-09-25
알루미늄(서구산),"부산,인천,대구,대전, 전북",4330000,2025-09-24
알루미늄(비서구산),"부산,인천,대구,전북",4320000,2025-09-24
구리(99.99%이상),"부산,인천,대구,대전, 전북",15510000,2025-09-24
납(99.99%이상),"인천,대구",3240000,2025-09-24
납(99.99%이상),전북,3160000,2025-09-24
납(99.99%이상),부산,3270000,2025-09-24
아연,"부산,인천,대구,전북",4780000,2025-09-24
주석(99.85%이상),"부산,인천,대구,전북",53490000,2025-09-24
주석(99.90%이상),"부산,인천,대구,전북",53640000,2025-09-24
니켈(합금용),"부산,인천,대구",25140000,2025-09-24
니켈(도금용),"부산,인천",25530000,2025-09-24
알루미늄(서구산),"부산,인천,대구,대전, 전북",4350000,2025-09-23
알루미늄(비서구산),"부산,인천,대구,전북",4340000,2025-09-23
구리(99.99%이상),"부산,인천,대구,대전, 전북",15510000,2025-09-23
납(99.99%이상),"인천,대구",3230000,2025-09-23
납(99.99%이상),전북,3150000,2025-09-23
납(99.99%이상),부산,3260000,2025-09-23
아연,"부산,인천,대구,전북",4790000,2025-09-23
주석(99.85%이상),"부산,인천,대구,전북",53020000,2025-09-23
주석(99.90%이상),"부산,인천,대구,전북",53180000,2025-09-23
니켈(합금용),"부산,인천,대구",24920000,2025-09-23
니켈(도금용),"부산,인천",25300000,2025-09-23
알루미늄(서구산),"부산,인천,대구,대전, 전북",4390000,2025-09-22
알루미늄(비서구산),"부산,인천,대구,전북",4380000,2025-09-22
구리(99.99%이상),"부산,인천,대구,대전, 전북",15560000,2025-09-22
납(99.99%이상),"인천,대구",3230000,2025-09-22
납(99.99%이상),전북,3150000,2025-09-22
납(99.99%이상),부산,3260000,2025-09-22
아연,"부산,인천,대구,전북",4790000,2025-09-22
주석(99.85%이상),"부산,인천,대구,전북",53280000,2025-09-22
주석(99.90%이상),"부산,인천,대구,전북",53440000,2025-09-22
니켈(합금용),"부산,인천,대구",25020000,2025-09-22
니켈(도금용),"부산,인천",25410000,2025-09-22
알루미늄(서구산),"부산,인천,대구,대전, 전북",4400000,2025-09-19
알루미늄(비서구산),"부산,인천,대구,전북",4380000,2025-09-19
구리(99.99%이상),"부산,인천,대구,대전, 전북",15410000,2025-09-19
납(99.99%이상),"인천,대구",3230000,2025-09-19
납(99.99%이상),전북,3150000,2025-09-19
납(99.99%이상),부산,3260000,2025-09-19
아연,"부산,인천,대구,전북",4780000,2025-09-19
주석(99.85%이상),"부산,인천,대구,전북",52310000,2025-09-19
주석(99.90%이상),"부산,인천,대구,전북",52470000,2025-09-19
니켈(합금용),"부산,인천,대구",24920000,2025-09-19
니켈(도금용),"부산,인천",25310000,2025-09-19
알루미늄(서구산),"부산,인천,대구,대전, 전북",4360000,2025-09-18
알루미늄(비서구산),"부산,인천,대구,전북",4350000,2025-09-18
구리(99.99%이상),"부산,인천,대구,대전, 전북",15410000,2025-09-18
납(99.99%이상),"인천,대구",3220000,2025-09-18
납(99.99%이상),전북,3140000,2025-09-18
납(99.99%이상),부산,3250000,2025-09-18
아연,"부산,인천,대구,전북",4790000,2025-09-18
주석(99.85%이상),"부산,인천,대구,전북",52970000,2025-09-18
주석(99.90%이상),"부산,인천,대구,전북",53120000,2025-09-18
니켈(합금용),"부산,인천,대구",24970000,2025-09-18
니켈(도금용),"부산,인천",25350000,2025-09-18
알루미늄(서구산),"부산,인천,대구,대전, 전북",4430000,2025-09-17
알루미늄(비서구산),"부산,인천,대구,전북",4420000,2025-09-17
구리(99.99%이상),"부산,인천,대구,대전, 전북",15610000,2025-09-17
납(99.99%이상),"인천,대구",3210000,2025-09-17
납(99.99%이상),전북,3130000,2025-09-17
납(99.99%이상),부산,3240000,2025-09-17
아연,"부산,인천,대구,전북",4890000,2025-09-17
주석(99.85%이상),"부산,인천,대구,전북",53760000,2025-09-17
주석(99.90%이상),"부산,인천,대구,전북",53920000,2025-09-17
니켈(합금용),"부산,인천,대구",24990000,2025-09-17
니켈(도금용),"부산,인천",25370000,2025-09-17
알루미늄(서구산),"부산,인천,대구,대전, 전북",4420000,2025-09-16
알루미늄(비서구산),"부산,인천,대구,전북",4410000,2025-09-16
구리(99.99%이상),"부산,인천,대구,대전, 전북",15810000,2025-09-16
납(99.99%이상),"인천,대구",3220000,2025-09-16
납(99.99%이상),전북,3140000,2025-09-16
납(99.99%이상),부산,3250000,2025-09-16
아연,"부산,인천,대구,전북",4880000,2025-09-16
주석(99.85%이상),"부산,인천,대구,전북",53810000,2025-09-16
주석(99.90%이상),"부산,인천,대구,전북",53970000,2025-09-16
니켈(합금용),"부산,인천,대구",25190000,2025-09-16
니켈(도금용),"부산,인천",25570000,2025-09-16
알루미늄(서구산),"부산,인천,대구,대전, 전북",4410000,2025-09-15
알루미늄(비서구산),"부산,인천,대구,전북",4400000,2025-09-15
구리(99.99%이상),"부산,인천,대구,대전, 전북",15600000,2025-09-15
납(99.99%이상),"인천,대구",3250000,2025-09-15
납(99.99%이상),전북,3170000,2025-09-15
납(99.99%이상),부산,3290000,2025-09-15
아연,"부산,인천,대구,전북",4850000,2025-09-15
주석(99.85%이상),"부산,인천,대구,전북",54440000,2025-09-15
주석(99.90%이상),"부산,인천,대구,전북",54600000,2025-09-15
니켈(합금용),"부산,인천,대구",25120000,2025-09-15
니켈(도금용),"부산,인천",25510000,2025-09-15
알루미늄(서구산),"부산,인천,대구,대전, 전북",4400000,2025-09-12
알루미늄(비서구산),"부산,인천,대구,전북",4390000,2025-09-12
구리(99.99%이상),"부산,인천,대구,대전, 전북",15640000,2025-09-12
납(99.99%이상),"인천,대구",3230000,2025-09-12
납(99.99%이상),전북,3140000,2025-09-12
납(99.99%이상),부산,3260000,2025-09-12
아연,"부산,인천,대구,전북",4760000,2025-09-12
주석(99.85%이상),"부산,인천,대구,전북",54280000,2025-09-12
주석(99.90%이상),"부산,인천,대구,전북",54440000,2025-09-12
니켈(합금용),"부산,인천,대구",24820000,2025-09-12
니켈(도금용),"부산,인천",25200000,2025-09-12
알루미늄(서구산),"부산,인천,대구,대전, 전북",4300000,2025-09-11
알루미늄(비서구산),"부산,인천,대구,전북",4290000,2025-09-11
구리(99.99%이상),"부산,인천,대구,대전, 전북",15530000,2025-09-11
납(99.99%이상),"인천,대구",3200000,2025-09-11
납(99.99%이상),전북,3120000,2025-09-11
납(99.99%이상),부산,3230000,2025-09-11
아연,"부산,인천,대구,전북",4720000,2025-09-11
주석(99.85%이상),"부산,인천,대구,전북",53910000,2025-09-11
주석(99.90%이상),"부산,인천,대구,전북",54070000,2025-09-11
니켈(합금용),"부산,인천,대구",24700000,2025-09-11
니켈(도금용),"부산,인천",25080000,2025-09-11
알루미늄(서구산),"부산,인천,대구,대전, 전북",4300000,2025-09-10
알루미늄(비서구산),"부산,인천,대구,전북",4290000,2025-09-10
구리(99.99%이상),"부산,인천,대구,대전, 전북",15360000,2025-09-10
납(99.99%이상),"인천,대구",3180000,2025-09-10
납(99.99%이상),전북,3100000,2025-09-10
납(99.99%이상),부산,3210000,2025-09-10
아연,"부산,인천,대구,전북",4670000,2025-09-10
주석(99.85%이상),"부산,인천,대구,전북",53100000,2025-09-10
주석(99.90%이상),"부산,인천,대구,전북",53260000,2025-09-10
니켈(합금용),"부산,인천,대구",24650000,2025-09-10
니켈(도금용),"부산,인천",25040000,2025-09-10
알루미늄(서구산),"부산,인천,대구,대전, 전북",4300000,2025-09-09
알루미늄(비서구산),"부산,인천,대구,전북",4290000,2025-09-09
구리(99.99%이상),"부산,인천,대구,대전, 전북",15390000,2025-09-09
납(99.99%이상),"인천,대구",3220000,2025-09-09
납(99.99%이상),전북,3130000,2025-09-09
납(99.99%이상),부산,3250000,2025-09-09
아연,"부산,인천,대구,전북",4710000,2025-09-09
주석(99.85%이상),"부산,인천,대구,전북",53590000,2025-09-09
주석(99.90%이상),"부산,인천,대구,전북",53750000,2025-09-09
니켈(합금용),"부산,인천,대구",24900000,2025-09-09
니켈(도금용),"부산,인천",25280000,2025-09-09
알루미늄(서구산),"부산,인천,대구,대전, 전북",4270000,2025-09-08
알루미늄(비서구산),"부산,인천,대구,전북",4260000,2025-09-08
구리(99.99%이상),"부산,인천,대구,대전, 전북",15380000,2025-09-08
납(99.99%이상),"인천,대구",3210000,2025-09-08
납(99.99%이상),전북,3120000,2025-09-08
납(99.99%이상),부산,3240000,2025-09-08
아연,"부산,인천,대구,전북",4700000,2025-09-08
주석(99.85%이상),"부산,인천,대구,전북",53690000,2025-09-08
주석(99.90%이상),"부산,인천,대구,전북",53850000,2025-09-08
니켈(합금용),"부산,인천,대구",24920000,2025-09-08
니켈(도금용),"부산,인천",25300000,2025-09-08
알루미늄(서구산),"부산,인천,대구,대전, 전북",4260000,2025-09-05
알루미늄(비서구산),"부산,인천,대구,전북",4250000,2025-09-05
구리(99.99%이상),"부산,인천,대구,대전, 전북",15400000,2025-09-05
납(99.99%이상),"인천,대구",3210000,2025-09-05
납(99.99%이상),전북,3130000,2025-09-05
납(99.99%이상),부산,3240000,2025-09-05
아연,"부산,인천,대구,전북",4670000,2025-09-05
주석(99.85%이상),"부산,인천,대구,전북",54170000,2025-09-05
주석(99.90%이상),"부산,인천,대구,전북",54330000,2025-09-05
니켈(합금용),"부산,인천,대구",24950000,2025-09-05
니켈(도금용),"부산,인천",25340000,2025-09-05
알루미늄(서구산),"부산,인천,대구,대전, 전북",4310000,2025-09-04
알루미늄(비서구산),"부산,인천,대구,전북",4300000,2025-09-04
구리(99.99%이상),"부산,인천,대구,대전, 전북",15520000,2025-09-04
납(99.99%이상),"인천,대구",3230000,2025-09-04
납(99.99%이상),전북,3140000,2025-09-04
납(99.99%이상),부산,3260000,2025-09-04
아연,"부산,인천,대구,전북",4700000,2025-09-04
주석(99.85%이상),"부산,인천,대구,전북",54310000,2025-09-04
주석(99.90%이상),"부산,인천,대구,전북",54470000,2025-09-04
니켈(합금용),"부산,인천,대구",25040000,2025-09-04
니켈(도금용),"부산,인천",25420000,2025-09-04
알루미늄(서구산),"부산,인천,대구,대전, 전북",4310000,2025-09-03
알루미늄(비서구산),"부산,인천,대구,전북",4300000,2025-09-03
구리(99.99%이상),"부산,인천,대구,대전, 전북",15510000,2025-09-03
납(99.99%이상),"인천,대구",3220000,2025-09-03
납(99.99%이상),전북,3140000,2025-09-03
납(99.99%이상),부산,3250000,2025-09-03
아연,"부산,인천,대구,전북",4700000,2025-09-03
주석(99.85%이상),"부산,인천,대구,전북",54450000,2025-09-03
주석(99.90%이상),"부산,인천,대구,전북",54610000,2025-09-03
니켈(합금용),"부산,인천,대구",24910000,2025-09-03
니켈(도금용),"부산,인천",25290000,2025-09-03
알루미늄(서구산),"부산,인천,대구,대전, 전북",4300000,2025-09-02
알루미늄(비서구산),"부산,인천,대구,전북",4290000,2025-09-02
구리(99.99%이상),"부산,인천,대구,대전, 전북",15360000,2025-09-02
납(99.99%이상),"인천,대구",3240000,2025-09-02
납(99.99%이상),전북,3160000,2025-09-02
납(99.99%이상),부산,3270000,2025-09-02
아연,"부산,인천,대구,전북",4650000,2025-09-02
주석(99.85%이상),"부산,인천,대구,전북",54900000,2025-09-02
주석(99.90%이상),"부산,인천,대구,전북",55060000,2025-09-02
니켈(합금용),"부산,인천,대구",25280000,2025-09-02
니켈(도금용),"부산,인천",25660000,2025-09-02
알루미늄(서구산),"부산,인천,대구,대전, 전북",4290000,2025-09-01
알루미늄(비서구산),"부산,인천,대구,전북",4280000,2025-09-01
구리(99.99%이상),"부산,인천,대구,대전, 전북",15360000,2025-09-01
납(99.99%이상),"인천,대구",3220000,2025-09-01
납(99.99%이상),전북,3140000,2025-09-01
납(99.99%이상),부산,3250000,2025-09-01
아연,"부산,인천,대구,전북",4610000,2025-09-01
주석(99.85%이상),"부산,인천,대구,전북",54900000,2025-09-01
주석(99.90%이상),"부산,인천,대구,전북",55060000,2025-09-01
니켈(합금용),"부산,인천,대구",25200000,2025-09-01
니켈(도금용),"부산,인천",25580000,2025-09-01
알루미늄(서구산),"부산,인천,대구,대전, 전북",4270000,2025-08-29
알루미늄(비서구산),"부산,인천,대구,전북",4260000,2025-08-29
구리(99.99%이상),"부산,인천,대구,대전, 전북",15270000,2025-08-29
납(99.99%이상),"인천,대구",3200000,2025-08-29
납(99.99%이상),전북,3120000,2025-08-29
납(99.99%이상),부산,3230000,2025-08-29
아연,"부산,인천,대구,전북",4520000,2025-08-29
주석(99.85%이상),"부산,인천,대구,전북",54300000,2025-08-29
주석(99.90%이상),"부산,인천,대구,전북",54690000,2025-08-29
니켈(합금용),"부산,인천,대구",24910000,2025-08-29
니켈(도금용),"부산,인천",25290000,2025-08-29
알루미늄(서구산),"부산,인천,대구,대전, 전북",4290000,2025-08-28
알루미늄(비서구산),"부산,인천,대구,전북",4280000,2025-08-28
구리(99.99%이상),"부산,인천,대구,대전, 전북",15260000,2025-08-28
납(99.99%이상),"인천,대구,부산",3220000,2025-08-28
납(99.99%이상),전북,3140000,2025-08-28
아연,"부산,인천,대구,전북",4510000,2025-08-28
주석(99.85%이상),"부산,인천,대구,전북",54320000,2025-08-28
주석(99.90%이상),"부산,인천,대구,전북",54720000,2025-08-28
니켈(합금용),"부산,인천,대구",24840000,2025-08-28
니켈(도금용),"부산,인천",25230000,2025-08-28
알루미늄(서구산),"부산,인천,대구,대전, 전북",4340000,2025-08-27
알루미늄(비서구산),"부산,인천,대구,전북",4330000,2025-08-27
구리(99.99%이상),"부산,인천,대구,대전, 전북",15380000,2025-08-27
납(99.99%이상),"인천,대구,부산",3230000,2025-08-27
납(99.99%이상),전북,3150000,2025-08-27
아연,"부산,인천,대구,전북",4600000,2025-08-27
주석(99.85%이상),"부산,인천,대구,전북",53770000,2025-08-27
주석(99.90%이상),"부산,인천,대구,전북",54170000,2025-08-27
니켈(합금용),"부산,인천,대구",25080000,2025-08-27
니켈(도금용),"부산,인천",25460000,2025-08-27
알루미늄(서구산),"부산,인천,대구,대전, 전북",4280000,2025-08-26
알루미늄(비서구산),"부산,인천,대구,전북",4270000,2025-08-26
구리(99.99%이상),"부산,인천,대구,대전, 전북",15210000,2025-08-26
납(99.99%이상),"인천,대구,부산",3220000,2025-08-26
납(99.99%이상),전북,3140000,2025-08-26
아연,"부산,인천,대구,전북",4570000,2025-08-26
주석(99.85%이상),"부산,인천,대구,전북",52560000,2025-08-26
주석(99.90%이상),"부산,인천,대구,전북",52950000,2025-08-26
니켈(합금용),"부산,인천,대구",24610000,2025-08-26
니켈(도금용),"부산,인천",24990000,2025-08-26
알루미늄(서구산),"부산,인천,대구,대전, 전북",4310000,2025-08-25
알루미늄(비서구산),"부산,인천,대구,전북",4300000,2025-08-25
구리(99.99%이상),"부산,인천,대구,대전, 전북",15300000,2025-08-25
납(99.99%이상),"인천,대구,부산",3240000,2025-08-25
납(99.99%이상),전북,3160000,2025-08-25
아연,"부산,인천,대구,전북",4600000,2025-08-25
주석(99.85%이상),"부산,인천,대구,전북",52880000,2025-08-25
주석(99.90%이상),"부산,인천,대구,전북",53280000,2025-08-25
니켈(합금용),"부산,인천,대구",24760000,2025-08-25
니켈(도금용),"부산,인천",25140000,2025-08-25
알루미늄(서구산),"부산,인천,대구,대전, 전북",4260000,2025-08-22
알루미늄(비서구산),"부산,인천,대구,전북",4250000,2025-08-22
구리(99.99%이상),"부산,인천,대구,대전, 전북",15250000,2025-08-22
납(99.99%이상),"인천,대구,부산",3210000,2025-08-22
납(99.99%이상),전북,3130000,2025-08-22
아연,"부산,인천,대구,전북",4530000,2025-08-22
주석(99.85%이상),"부산,인천,대구,전북",52400000,2025-08-22
주석(99.90%이상),"부산,인천,대구,전북",52800000,2025-08-22
니켈(합금용),"부산,인천,대구",24570000,2025-08-22
니켈(도금용),"부산,인천",24960000,2025-08-22
알루미늄(서구산),"부산,인천,대구,대전, 전북",4250000,2025-08-21
알루미늄(비서구산),"부산,인천,대구,전북",4240000,2025-08-21
구리(99.99%이상),"부산,인천,대구,대전, 전북",15220000,2025-08-21
납(99.99%이상),"인천,대구,부산",3220000,2025-08-21
납(99.99%이상),전북,3140000,2025-08-21
아연,"부산,인천,대구,전북",4560000,2025-08-21
주석(99.85%이상),"부산,인천,대구,전북",52800000,2025-08-21
주석(99.90%이상),"부산,인천,대구,전북",53200000,2025-08-21
니켈(합금용),"부산,인천,대구",24680000,2025-08-21
니켈(도금용),"부산,인천",25070000,2025-08-21
알루미늄(서구산),"부산,인천,대구,대전, 전북",4200000,2025-08-20
알루미늄(비서구산),"부산,인천,대구,전북",4190000,2025-08-20
구리(99.99%이상),"부산,인천,대구,대전, 전북",15090000,2025-08-20
납(99.99%이상),"인천,대구,부산",3190000,2025-08-20
납(99.99%이상),전북,3110000,2025-08-20
아연,"부산,인천,대구,전북",4500000,2025-08-20
주석(99.85%이상),"부산,인천,대구,전북",52900000,2025-08-20
주석(99.90%이상),"부산,인천,대구,전북",53300000,2025-08-20
니켈(합금용),"부산,인천,대구",24530000,2025-08-20
니켈(도금용),"부산,인천",24910000,2025-08-20
알루미늄(서구산),"부산,인천,대구,대전, 전북",4230000,2025-08-19
알루미늄(비서구산),"부산,인천,대구,전북",4220000,2025-08-19
구리(99.99%이상),"부산,인천,대구,대전, 전북",15090000,2025-08-19
납(99.99%이상),"인천,대구,부산",3170000,2025-08-19
납(99.99%이상),전북,3090000,2025-08-19
아연,"부산,인천,대구,전북",4500000,2025-08-19
주석(99.85%이상),"부산,인천,대구,전북",52460000,2025-08-19
주석(99.90%이상),"부산,인천,대구,전북",52860000,2025-08-19
니켈(합금용),"부산,인천,대구",24660000,2025-08-19
니켈(도금용),"부산,인천",25050000,2025-08-19
알루미늄(서구산),"부산,인천,대구,대전, 전북",4250000,2025-08-18
알루미늄(비서구산),"부산,인천,대구,전북",4240000,2025-08-18
구리(99.99%이상),"부산,인천,대구,대전, 전북",15120000,2025-08-18
납(99.99%이상),"인천,대구,부산",3180000,2025-08-18
납(99.99%이상),전북,3100000,2025-08-18
아연,"부산,인천,대구,전북",4520000,2025-08-18
주석(99.85%이상),"부산,인천,대구,전북",52300000,2025-08-18
주석(99.90%이상),"부산,인천,대구,전북",52690000,2025-08-18
니켈(합금용),"부산,인천,대구",24610000,2025-08-18
니켈(도금용),"부산,인천",24990000,2025-08-18
알루미늄(서구산),"부산,인천,대구,대전, 전북",4250000,2025-08-14
알루미늄(비서구산),"부산,인천,대구,전북",4240000,2025-08-14
구리(99.99%이상),"부산,인천,대구,대전, 전북",15190000,2025-08-14
납(99.99%이상),"인천,대구,부산",3190000,2025-08-14
납(99.99%이상),전북,3110000,2025-08-14
아연,"부산,인천,대구,전북",4580000,2025-08-14
주석(99.85%이상),"부산,인천,대구,전북",52190000,2025-08-14
주석(99.90%이상),"부산,인천,대구,전북",52580000,2025-08-14
니켈(합금용),"부산,인천,대구",24750000,2025-08-14
니켈(도금용),"부산,인천",25130000,2025-08-14
알루미늄(서구산),"부산,인천,대구,대전, 전북",4280000,2025-08-13
알루미늄(비서구산),"부산,인천,대구,전북",4270000,2025-08-13
구리(99.99%이상),"부산,인천,대구,대전, 전북",15320000,2025-08-13
납(99.99%이상),"인천,대구,부산",3260000,2025-08-13
납(99.99%이상),전북,3170000,2025-08-13
아연,"부산,인천,대구,전북",4630000,2025-08-13
주석(99.85%이상),"부산,인천,대구,전북",52760000,2025-08-13
주석(99.90%이상),"부산,인천,대구,전북",53160000,2025-08-13
니켈(합금용),"부산,인천,대구",25010000,2025-08-13
니켈(도금용),"부산,인천",25390000,2025-08-13
알루미늄(서구산),"부산,인천,대구,대전, 전북",4220000,2025-08-12
알루미늄(비서구산),"부산,인천,대구,전북",4210000,2025-08-12
구리(99.99%이상),"부산,인천,대구,대전, 전북",15140000,2025-08-12
납(99.99%이상),"인천,대구,부산",3230000,2025-08-12
납(99.99%이상),전북,3150000,2025-08-12
아연,"부산,인천,대구,전북",4590000,2025-08-12
주석(99.85%이상),"부산,인천,대구,전북",52530000,2025-08-12
주석(99.90%이상),"부산,인천,대구,전북",52920000,2025-08-12
니켈(합금용),"부산,인천,대구",25000000,2025-08-12
니켈(도금용),"부산,인천",25390000,2025-08-12
알루미늄(서구산),"부산,인천,대구,대전, 전북",4270000,2025-08-11
알루미늄(비서구산),"부산,인천,대구,전북",4260000,2025-08-11
구리(99.99%이상),"부산,인천,대구,대전, 전북",15220000,2025-08-11
납(99.99%이상),"인천,대구,부산",3260000,2025-08-11
납(99.99%이상),전북,3170000,2025-08-11
아연,"부산,인천,대구,전북",4600000,2025-08-11
주석(99.85%이상),"부산,인천,대구,전북",52280000,2025-08-11
주석(99.90%이상),"부산,인천,대구,전북",52670000,2025-08-11
니켈(합금용),"부산,인천,대구",24750000,2025-08-11
니켈(도금용),"부산,인천",25130000,2025-08-11
알루미늄(서구산),"부산,인천,대구,대전, 전북",4250000,2025-08-08
알루미늄(비서구산),"부산,인천,대구,전북",4240000,2025-08-08
구리(99.99%이상),"부산,인천,대구,대전, 전북",15020000,2025-08-08
납(99.99%이상),"인천,대구,부산",3240000,2025-08-08
납(99.99%이상),전북,3150000,2025-08-08
아연,"부산,인천,대구,전북",4550000,2025-08-08
주석(99.85%이상),"부산,인천,대구,전북",52150000,2025-08-08
주석(99.90%이상),"부산,인천,대구,전북",52540000,2025-08-08
니켈(합금용),"부산,인천,대구",24530000,2025-08-08
니켈(도금용),"부산,인천",24910000,2025-08-08
알루미늄(서구산),"부산,인천,대구,대전, 전북",4270000,2025-08-07
알루미늄(비서구산),"부산,인천,대구,전북",4260000,2025-08-07
구리(99.99%이상),"부산,인천,대구,대전, 전북",15100000,2025-08-07
납(99.99%이상),"인천,대구,부산",3230000,2025-08-07
납(99.99%이상),전북,3150000,2025-08-07
아연,"부산,인천,대구,전북",4530000,2025-08-07
주석(99.85%이상),"부산,인천,대구,전북",51890000,2025-08-07
주석(99.90%이상),"부산,인천,대구,전북",52290000,2025-08-07
니켈(합금용),"부산,인천,대구",24700000,2025-08-07
니켈(도금용),"부산,인천",25080000,2025-08-07
알루미늄(서구산),"부산,인천,대구,대전, 전북",4200000,2025-08-06
알루미늄(비서구산),"부산,인천,대구,전북",4190000,2025-08-06
구리(99.99%이상),"부산,인천,대구,대전, 전북",15020000,2025-08-06
납(99.99%이상),"인천,대구,부산",3180000,2025-08-06
납(99.99%이상),전북,3100000,2025-08-06
아연,"부산,인천,대구,전북",4470000,2025-08-06
주석(99.85%이상),"부산,인천,대구,전북",51710000,2025-08-06
주석(99.90%이상),"부산,인천,대구,전북",52100000,2025-08-06
니켈(합금용),"부산,인천,대구",24510000,2025-08-06
니켈(도금용),"부산,인천",24870000,2025-08-06
알루미늄(서구산),"부산,인천,대구,대전, 전북",4170000,2025-08-05
알루미늄(비서구산),"부산,인천,대구,전북",4160000,2025-08-05
구리(99.99%이상),"부산,인천,대구,대전, 전북",15090000,2025-08-05
납(99.99%이상),"인천,대구,부산",3150000,2025-08-05
납(99.99%이상),전북,3070000,2025-08-05
아연,"부산,인천,대구,전북",4450000,2025-08-05
주석(99.85%이상),"부산,인천,대구,전북",51520000,2025-08-05
주석(99.90%이상),"부산,인천,대구,전북",51920000,2025-08-05
니켈(합금용),"부산,인천,대구",24530000,2025-08-05
니켈(도금용),"부산,인천",24890000,2025-08-05
알루미늄(서구산),"부산,인천,대구,대전, 전북",4240000,2025-08-04
알루미늄(비서구산),"부산,인천,대구,전북",4230000,2025-08-04
구리(99.99%이상),"부산,인천,대구,대전, 전북",15180000,2025-08-04
납(99.99%이상),"인천,대구,부산",3210000,2025-08-04
납(99.99%이상),전북,3130000,2025-08-04
아연,"부산,인천,대구,전북",4470000,2025-08-04
주석(99.85%이상),"부산,인천,대구,전북",52450000,2025-08-04
주석(99.90%이상),"부산,인천,대구,전북",52850000,2025-08-04
니켈(합금용),"부산,인천,대구",24710000,2025-08-04
니켈(도금용),"부산,인천",25070000,2025-08-04
알루미늄(서구산),"부산,인천,대구,대전, 전북",4190000,2025-08-01
알루미늄(비서구산),"부산,인천,대구,전북",4180000,2025-08-01
구리(99.99%이상),"부산,인천,대구,대전, 전북",14990000,2025-08-01
납(99.99%이상),"인천,대구,부산",3180000,2025-08-01
납(99.99%이상),전북,3100000,2025-08-01
아연,"부산,인천,대구,전북",4480000,2025-08-01
주석(99.85%이상),"부산,인천,대구,전북",50860000,2025-08-01
주석(99.90%이상),"부산,인천,대구,전북",51260000,2025-08-01
니켈(합금용),"부산,인천,대구",24360000,2025-08-01
니켈(도금용),"부산,인천",24720000,2025-08-01
알루미늄(서구산),"부산,인천,대구,대전, 전북",4280000,2025-07-31
알루미늄(비서구산),"부산,인천,대구,전북",4250000,2025-07-31
구리(99.99%이상),"부산,인천,대구,대전, 전북",15100000,2025-07-31
납(99.99%이상),"인천,대구,부산",3210000,2025-07-31
납(99.99%이상),전북,3130000,2025-07-31
아연,"부산,인천,대구,전북",4520000,2025-07-31
주석(99.85%이상),"부산,인천,대구,전북",51830000,2025-07-31
주석(99.90%이상),"부산,인천,대구,전북",52070000,2025-07-31
니켈(합금용),"부산,인천,대구",25550000,2025-07-31
니켈(도금용),"부산,인천",25910000,2025-07-31
알루미늄(서구산),"부산,인천,대구,대전, 전북",4320000,2025-07-30
알루미늄(비서구산),"부산,인천,대구,전북",4280000,2025-07-30
구리(99.99%이상),"부산,인천,대구,대전, 전북",15330000,2025-07-30
납(99.99%이상),"인천,대구,부산",3270000,2025-07-30
납(99.99%이상),전북,3190000,2025-07-30
아연,"부산,인천,대구,전북",4570000,2025-07-30
주석(99.85%이상),"부산,인천,대구,전북",52660000,2025-07-30
주석(99.90%이상),"부산,인천,대구,전북",52910000,2025-07-30
니켈(합금용),"부산,인천,대구",26160000,2025-07-30
니켈(도금용),"부산,인천",26520000,2025-07-30
알루미늄(서구산),"부산,인천,대구,대전, 전북",4330000,2025-07-29
알루미늄(비서구산),"부산,인천,대구,전북",4300000,2025-07-29
구리(99.99%이상),"부산,인천,대구,대전, 전북",15220000,2025-07-29
납(99.99%이상),"인천,대구,부산",3260000,2025-07-29
납(99.99%이상),전북,3180000,2025-07-29
아연,"부산,인천,대구,전북",4560000,2025-07-29
주석(99.85%이상),"부산,인천,대구,전북",52310000,2025-07-29
주석(99.90%이상),"부산,인천,대구,전북",52550000,2025-07-29
니켈(합금용),"부산,인천,대구",25910000,2025-07-29
니켈(도금용),"부산,인천",26270000,2025-07-29
알루미늄(서구산),"부산,인천,대구,대전, 전북",4330000,2025-07-28
알루미늄(비서구산),"부산,인천,대구,전북",4290000,2025-07-28
구리(99.99%이상),"부산,인천,대구,대전, 전북",15140000,2025-07-28
납(99.99%이상),"인천,대구,부산",3250000,2025-07-28
납(99.99%이상),전북,3170000,2025-07-28
아연,"부산,인천,대구,전북",4560000,2025-07-28
주석(99.85%이상),"부산,인천,대구,전북",52810000,2025-07-28
주석(99.90%이상),"부산,인천,대구,전북",53050000,2025-07-28
니켈(합금용),"부산,인천,대구",25920000,2025-07-28
니켈(도금용),"부산,인천",26270000,2025-07-28
알루미늄(서구산),"부산,인천,대구,대전, 전북",4310000,2025-07-25
알루미늄(비서구산),"부산,인천,대구,전북",4280000,2025-07-25
구리(99.99%이상),"부산,인천,대구,대전, 전북",15190000,2025-07-25
납(99.99%이상),"인천,대구,부산",3240000,2025-07-25
납(99.99%이상),전북,3150000,2025-07-25
아연,"부산,인천,대구,전북",4560000,2025-07-25
주석(99.85%이상),"부산,인천,대구,전북",53370000,2025-07-25
주석(99.90%이상),"부산,인천,대구,전북",53610000,2025-07-25
니켈(합금용),"부산,인천,대구",25940000,2025-07-25
니켈(도금용),"부산,인천",26290000,2025-07-25
알루미늄(서구산),"부산,인천,대구,대전, 전북",4350000,2025-07-24
알루미늄(비서구산),"부산,인천,대구,전북",4320000,2025-07-24
구리(99.99%이상),"부산,인천,대구,대전, 전북",15410000,2025-07-24
납(99.99%이상),"인천,대구,부산",3280000,2025-07-24
납(99.99%이상),전북,3200000,2025-07-24
아연,"부산,인천,대구,전북",4620000,2025-07-24
주석(99.85%이상),"부산,인천,대구,전북",54250000,2025-07-24
주석(99.90%이상),"부산,인천,대구,전북",54490000,2025-07-24
니켈(합금용),"부산,인천,대구",26330000,2025-07-24
니켈(도금용),"부산,인천",26690000,2025-07-24
알루미늄(서구산),"부산,인천,대구,대전, 전북",4390000,2025-07-23
알루미늄(비서구산),"부산,인천,대구,전북",4360000,2025-07-23
구리(99.99%이상),"부산,인천,대구,대전, 전북",15460000,2025-07-23
납(99.99%이상),"인천,대구,부산",3270000,2025-07-23
납(99.99%이상),전북,3180000,2025-07-23
아연,"부산,인천,대구,전북",4640000,2025-07-23
주석(99.85%이상),"부산,인천,대구,전북",52980000,2025-07-23
주석(99.90%이상),"부산,인천,대구,전북",53230000,2025-07-23
니켈(합금용),"부산,인천,대구",26420000,2025-07-23
니켈(도금용),"부산,인천",26780000,2025-07-23
알루미늄(서구산),"부산,인천,대구,대전, 전북",4380000,2025-07-22
알루미늄(비서구산),"부산,인천,대구,전북",4340000,2025-07-22
구리(99.99%이상),"부산,인천,대구,대전, 전북",15370000,2025-07-22
납(99.99%이상),"인천,대구,부산",3270000,2025-07-22
납(99.99%이상),전북,3190000,2025-07-22
아연,"부산,인천,대구,전북",4620000,2025-07-22
주석(99.85%이상),"부산,인천,대구,전북",52800000,2025-07-22
주석(99.90%이상),"부산,인천,대구,전북",53040000,2025-07-22
니켈(합금용),"부산,인천,대구",26420000,2025-07-22
니켈(도금용),"부산,인천",26780000,2025-07-22
알루미늄(서구산),"부산,인천,대구,대전, 전북",4360000,2025-07-21
알루미늄(비서구산),"부산,인천,대구,전북",4330000,2025-07-21
구리(99.99%이상),"부산,인천,대구,대전, 전북",15320000,2025-07-21
납(99.99%이상),"인천,대구,부산",3280000,2025-07-21
납(99.99%이상),전북,3200000,2025-07-21
아연,"부산,인천,대구,전북",4610000,2025-07-21
주석(99.85%이상),"부산,인천,대구,전북",52410000,2025-07-21
주석(99.90%이상),"부산,인천,대구,전북",52650000,2025-07-21
니켈(합금용),"부산,인천,대구",26060000,2025-07-21
니켈(도금용),"부산,인천",26420000,2025-07-21
알루미늄(서구산),"부산,인천,대구,대전, 전북",4280000,2025-07-18
알루미늄(비서구산),"부산,인천,대구,전북",4240000,2025-07-18
구리(99.99%이상),"부산,인천,대구,대전, 전북",15140000,2025-07-18
납(99.99%이상),"인천,대구,부산",3210000,2025-07-18
납(99.99%이상),전북,3130000,2025-07-18
아연,"부산,인천,대구,전북",4470000,2025-07-18
주석(99.85%이상),"부산,인천,대구,전북",51610000,2025-07-18
주석(99.90%이상),"부산,인천,대구,전북",51860000,2025-07-18
니켈(합금용),"부산,인천,대구",25860000,2025-07-18
니켈(도금용),"부산,인천",26220000,2025-07-18
알루미늄(서구산),"부산,인천,대구,대전, 전북",4260000,2025-07-17
알루미늄(비서구산),"부산,인천,대구,전북",4220000,2025-07-17
구리(99.99%이상),"부산,인천,대구,대전, 전북",15010000,2025-07-17
납(99.99%이상),"인천,대구,부산",3200000,2025-07-17
납(99.99%이상),전북,3120000,2025-07-17
아연,"부산,인천,대구,전북",4400000,2025-07-17
주석(99.85%이상),"부산,인천,대구,전북",50920000,2025-07-17
주석(99.90%이상),"부산,인천,대구,전북",51160000,2025-07-17
니켈(합금용),"부산,인천,대구",25610000,2025-07-17
니켈(도금용),"부산,인천",25970000,2025-07-17
알루미늄(서구산),"부산,인천,대구,대전, 전북",4250000,2025-07-16
알루미늄(비서구산),"부산,인천,대구,전북",4210000,2025-07-16
구리(99.99%이상),"부산,인천,대구,대전, 전북",14990000,2025-07-16
납(99.99%이상),"인천,대구,부산",3220000,2025-07-16
납(99.99%이상),전북,3130000,2025-07-16
아연,"부산,인천,대구,전북",4360000,2025-07-16
주석(99.85%이상),"부산,인천,대구,전북",51480000,2025-07-16
주석(99.90%이상),"부산,인천,대구,전북",51720000,2025-07-16
니켈(합금용),"부산,인천,대구",25690000,2025-07-16
니켈(도금용),"부산,인천",26040000,2025-07-16
알루미늄(서구산),"부산,인천,대구,대전, 전북",4260000,2025-07-15
알루미늄(비서구산),"부산,인천,대구,전북",4230000,2025-07-15
구리(99.99%이상),"부산,인천,대구,대전, 전북",14940000,2025-07-15
납(99.99%이상),"인천,대구,부산",3230000,2025-07-15
납(99.99%이상),전북,3150000,2025-07-15
아연,"부산,인천,대구,전북",4420000,2025-07-15
주석(99.85%이상),"부산,인천,대구,전북",51870000,2025-07-15
주석(99.90%이상),"부산,인천,대구,전북",52110000,2025-07-15
니켈(합금용),"부산,인천,대구",25570000,2025-07-15
니켈(도금용),"부산,인천",25930000,2025-07-15
알루미늄(서구산),"부산,인천,대구,대전, 전북",4270000,2025-07-14
알루미늄(비서구산),"부산,인천,대구,전북",4230000,2025-07-14
구리(99.99%이상),"부산,인천,대구,대전, 전북",15000000,2025-07-14
납(99.99%이상),"인천,대구,부산",3240000,2025-07-14
납(99.99%이상),전북,3160000,2025-07-14
아연,"부산,인천,대구,전북",4420000,2025-07-14
주석(99.85%이상),"부산,인천,대구,전북",52010000,2025-07-14
주석(99.90%이상),"부산,인천,대구,전북",52250000,2025-07-14
니켈(합금용),"부산,인천,대구",25690000,2025-07-14
니켈(도금용),"부산,인천",26040000,2025-07-14
알루미늄(서구산),"부산,인천,대구,대전, 전북",4260000,2025-07-11
알루미늄(비서구산),"부산,인천,대구,전북",4220000,2025-07-11
구리(99.99%이상),"부산,인천,대구,대전, 전북",15030000,2025-07-11
납(99.99%이상),"인천,대구,부산",3280000,2025-07-11
납(99.99%이상),전북,3190000,2025-07-11
아연,"부산,인천,대구,전북",4470000,2025-07-11
주석(99.85%이상),"부산,인천,대구,전북",51680000,2025-07-11
주석(99.90%이상),"부산,인천,대구,전북",51920000,2025-07-11
니켈(합금용),"부산,인천,대구",25730000,2025-07-11
니켈(도금용),"부산,인천",26090000,2025-07-11
알루미늄(서구산),"부산,인천,대구,대전, 전북",4250000,2025-07-10
알루미늄(비서구산),"부산,인천,대구,전북",4220000,2025-07-10
구리(99.99%이상),"부산,인천,대구,대전, 전북",15010000,2025-07-10
납(99.99%이상),"인천,대구,부산",3320000,2025-07-10
납(99.99%이상),전북,3230000,2025-07-10
아연,"부산,인천,대구,전북",4430000,2025-07-10
주석(99.85%이상),"부산,인천,대구,전북",51440000,2025-07-10
주석(99.90%이상),"부산,인천,대구,전북",51680000,2025-07-10
니켈(합금용),"부산,인천,대구",25340000,2025-07-10
니켈(도금용),"부산,인천",25690000,2025-07-10
알루미늄(서구산),"부산,인천,대구,대전, 전북",4220000,2025-07-09
알루미늄(비서구산),"부산,인천,대구,전북",4180000,2025-07-09
구리(99.99%이상),"부산,인천,대구,대전, 전북",15220000,2025-07-09
납(99.99%이상),"인천,대구,부산",3290000,2025-07-09
납(99.99%이상),전북,3210000,2025-07-09
아연,"부산,인천,대구,전북",4360000,2025-07-09
주석(99.85%이상),"부산,인천,대구,전북",51300000,2025-07-09
주석(99.90%이상),"부산,인천,대구,전북",51530000,2025-07-09
니켈(합금용),"부산,인천,대구",25310000,2025-07-09
니켈(도금용),"부산,인천",25660000,2025-07-09
알루미늄(서구산),"부산,인천,대구,대전, 전북",4190000,2025-07-08
알루미늄(비서구산),"부산,인천,대구,전북",4160000,2025-07-08
구리(99.99%이상),"부산,인천,대구,대전, 전북",15320000,2025-07-08
납(99.99%이상),"인천,대구,부산",3260000,2025-07-08
납(99.99%이상),전북,3170000,2025-07-08
아연,"부산,인천,대구,전북",4290000,2025-07-08
주석(99.85%이상),"부산,인천,대구,전북",51160000,2025-07-08
주석(99.90%이상),"부산,인천,대구,전북",51400000,2025-07-08
니켈(합금용),"부산,인천,대구",25510000,2025-07-08
니켈(도금용),"부산,인천",25870000,2025-07-08
알루미늄(서구산),"부산,인천,대구,대전, 전북",4200000,2025-07-07
알루미늄(비서구산),"부산,인천,대구,전북",4170000,2025-07-07
구리(99.99%이상),"부산,인천,대구,대전, 전북",15340000,2025-07-07
납(99.99%이상),"인천,대구,부산",3280000,2025-07-07
납(99.99%이상),전북,3190000,2025-07-07
아연,"부산,인천,대구,전북",4330000,2025-07-07
주석(99.85%이상),"부산,인천,대구,전북",51610000,2025-07-07
주석(99.90%이상),"부산,인천,대구,전북",51840000,2025-07-07
니켈(합금용),"부산,인천,대구",25600000,2025-07-07
니켈(도금용),"부산,인천",25950000,2025-07-07
알루미늄(서구산),"부산,인천,대구,대전, 전북",4210000,2025-07-04
알루미늄(비서구산),"부산,인천,대구,전북",4180000,2025-07-04
구리(99.99%이상),"부산,인천,대구,대전, 전북",15430000,2025-07-04
납(99.99%이상),"인천,대구,부산",3280000,2025-07-04
납(99.99%이상),전북,3190000,2025-07-04
아연,"부산,인천,대구,전북",4360000,2025-07-04
주석(99.85%이상),"부산,인천,대구,전북",51620000,2025-07-04
주석(99.90%이상),"부산,인천,대구,전북",51860000,2025-07-04
니켈(합금용),"부산,인천,대구",25790000,2025-07-04
니켈(도금용),"부산,인천",26140000,2025-07-04
알루미늄(서구산),"부산,인천,대구,대전, 전북",4240000,2025-07-03
알루미늄(비서구산),"부산,인천,대구,전북",4200000,2025-07-03
구리(99.99%이상),"부산,인천,대구,대전, 전북",15520000,2025-07-03
납(99.99%이상),"인천,대구,부산",3270000,2025-07-03
납(99.99%이상),전북,3180000,2025-07-03
아연,"부산,인천,대구,전북",4370000,2025-07-03
주석(99.85%이상),"부산,인천,대구,전북",51400000,2025-07-03
주석(99.90%이상),"부산,인천,대구,전북",51640000,2025-07-03
니켈(합금용),"부산,인천,대구",25560000,2025-07-03
니켈(도금용),"부산,인천",25910000,2025-07-03
알루미늄(서구산),"부산,인천,대구,대전, 전북",4200000,2025-07-02
알루미늄(비서구산),"부산,인천,대구,전북",4170000,2025-07-02
구리(99.99%이상),"부산,인천,대구,대전, 전북",15400000,2025-07-02
납(99.99%이상),"인천,대구,부산",3220000,2025-07-02
납(99.99%이상),전북,3140000,2025-07-02
아연,"부산,인천,대구,전북",4300000,2025-07-02
주석(99.85%이상),"부산,인천,대구,전북",51200000,2025-07-02
주석(99.90%이상),"부산,인천,대구,전북",51430000,2025-07-02
니켈(합금용),"부산,인천,대구",25350000,2025-07-02
니켈(도금용),"부산,인천",25700000,2025-07-02
알루미늄(서구산),"부산,인천,대구,대전, 전북",4180000,2025-07-01
알루미늄(비서구산),"부산,인천,대구,전북",4150000,2025-07-01
구리(99.99%이상),"부산,인천,대구,대전, 전북",15330000,2025-07-01
납(99.99%이상),"인천,대구,부산",3220000,2025-07-01
납(99.99%이상),전북,3140000,2025-07-01
아연,"부산,인천,대구,전북",4350000,2025-07-01
주석(99.85%이상),"부산,인천,대구,전북",51320000,2025-07-01
주석(99.90%이상),"부산,인천,대구,전북",51550000,2025-07-01
니켈(합금용),"부산,인천,대구",25250000,2025-07-01
니켈(도금용),"부산,인천",25600000,2025-07-01
알루미늄(서구산),"부산,인천,대구,대전, 전북",4220000,2025-06-30
알루미늄(비서구산),"부산,인천,대구,전북",4170000,2025-06-30
구리(99.99%이상),"부산,인천,대구,대전, 전북",15520000,2025-06-30
납(99.99%이상),"인천,대구,부산",3250000,2025-06-30
납(99.99%이상),전북,3170000,2025-06-30
아연,"부산,인천,대구,전북",4430000,2025-06-30
주석(99.85%이상),"부산,인천,대구,전북",51650000,2025-06-30
주석(99.90%이상),"부산,인천,대구,전북",51910000,2025-06-30
니켈(합금용),"부산,인천,대구",25450000,2025-06-30
니켈(도금용),"부산,인천",25800000,2025-06-30
알루미늄(서구산),"부산,인천,대구,대전, 전북",4200000,2025-06-27
알루미늄(비서구산),"부산,인천,대구,전북",4150000,2025-06-27
구리(99.99%이상),"부산,인천,대구,대전, 전북",15670000,2025-06-27
납(99.99%이상),"인천,대구,부산",3240000,2025-06-27
납(99.99%이상),전북,3160000,2025-06-27
아연,"부산,인천,대구,전북",4410000,2025-06-27
주석(99.85%이상),"부산,인천,대구,전북",51580000,2025-06-27
주석(99.90%이상),"부산,인천,대구,전북",51840000,2025-06-27
니켈(합금용),"부산,인천,대구",25380000,2025-06-27
니켈(도금용),"부산,인천",25730000,2025-06-27
알루미늄(서구산),"부산,인천,대구,대전, 전북",4170000,2025-06-26
알루미늄(비서구산),"부산,인천,대구,전북",4130000,2025-06-26
구리(99.99%이상),"부산,인천,대구,대전, 전북",15120000,2025-06-26
납(99.99%이상),"인천,대구,부산",3240000,2025-06-26
납(99.99%이상),전북,3160000,2025-06-26
아연,"부산,인천,대구,전북",4310000,2025-06-26
주석(99.85%이상),"부산,인천,대구,전북",50830000,2025-06-26
주석(99.90%이상),"부산,인천,대구,전북",51090000,2025-06-26
니켈(합금용),"부산,인천,대구",25270000,2025-06-26
니켈(도금용),"부산,인천",25620000,2025-06-26
알루미늄(서구산),"부산,인천,대구,대전, 전북",4200000,2025-06-25
알루미늄(비서구산),"부산,인천,대구,전북",4150000,2025-06-25
구리(99.99%이상),"부산,인천,대구,대전, 전북",15110000,2025-06-25
납(99.99%이상),"인천,대구,부산",3210000,2025-06-25
납(99.99%이상),전북,3130000,2025-06-25
아연,"부산,인천,대구,전북",4260000,2025-06-25
주석(99.85%이상),"부산,인천,대구,전북",49420000,2025-06-25
주석(99.90%이상),"부산,인천,대구,전북",49680000,2025-06-25
니켈(합금용),"부산,인천,대구",24990000,2025-06-25
니켈(도금용),"부산,인천",25350000,2025-06-25
알루미늄(서구산),"부산,인천,대구,대전, 전북",4310000,2025-06-24
알루미늄(비서구산),"부산,인천,대구,전북",4260000,2025-06-24
구리(99.99%이상),"부산,인천,대구,대전, 전북",15570000,2025-06-24
납(99.99%이상),"인천,대구,부산",3250000,2025-06-24
납(99.99%이상),전북,3160000,2025-06-24
주석(99.85%이상),"부산,인천,대구,전북",50930000,2025-06-24
주석(99.90%이상),"부산,인천,대구,전북",51190000,2025-06-24
니켈(합금용),"부산,인천,대구",25260000,2025-06-24
니켈(도금용),"부산,인천",25620000,2025-06-24
알루미늄(서구산),"부산,인천,대구,대전, 전북",4190000,2025-06-23
알루미늄(비서구산),"부산,인천,대구,전북",4140000,2025-06-23
구리(99.99%이상),"부산,인천,대구,대전, 전북",15300000,2025-06-23
납(99.99%이상),"인천,대구,부산",3180000,2025-06-23
납(99.99%이상),전북,3100000,2025-06-23
아연,"부산,인천,대구,전북",4200000,2025-06-23
주석(99.85%이상),"부산,인천,대구,전북",50280000,2025-06-23
주석(99.90%이상),"부산,인천,대구,전북",50550000,2025-06-23
니켈(합금용),"부산,인천,대구",25240000,2025-06-23
니켈(도금용),"부산,인천",25590000,2025-06-23
알루미늄(서구산),"부산,인천,대구,대전, 전북",4170000,2025-06-20
알루미늄(비서구산),"부산,인천,대구,전북",4130000,2025-06-20
구리(99.99%이상),"부산,인천,대구,대전, 전북",15220000,2025-06-20
납(99.99%이상),"인천,대구,부산",3210000,2025-06-20
납(99.99%이상),전북,3130000,2025-06-20
아연,"부산,인천,대구,전북",4250000,2025-06-20
주석(99.85%이상),"부산,인천,대구,전북",49640000,2025-06-20
주석(99.90%이상),"부산,인천,대구,전북",49900000,2025-06-20
니켈(합금용),"부산,인천,대구",25570000,2025-06-20
니켈(도금용),"부산,인천",25930000,2025-06-20
알루미늄(서구산),"부산,인천,대구,대전, 전북",4190000,2025-06-19
알루미늄(비서구산),"부산,인천,대구,전북",4140000,2025-06-19
구리(99.99%이상),"부산,인천,대구,대전, 전북",15120000,2025-06-19
납(99.99%이상),"인천,대구,부산",3190000,2025-06-19
납(99.99%이상),전북,3110000,2025-06-19
아연,"부산,인천,대구,전북",4210000,2025-06-19
주석(99.85%이상),"부산,인천,대구,전북",49640000,2025-06-19
주석(99.90%이상),"부산,인천,대구,전북",49900000,2025-06-19
니켈(합금용),"부산,인천,대구",25360000,2025-06-19
니켈(도금용),"부산,인천",25710000,2025-06-19
알루미늄(서구산),"부산,인천,대구,대전, 전북",4170000,2025-06-18
알루미늄(비서구산),"부산,인천,대구,전북",4120000,2025-06-18
구리(99.99%이상),"부산,인천,대구,대전, 전북",15090000,2025-06-18
납(99.99%이상),"인천,대구,부산",3140000,2025-06-18
납(99.99%이상),전북,3060000,2025-06-18
아연,"부산,인천,대구,전북",4200000,2025-06-18
주석(99.85%이상),"부산,인천,대구,전북",49230000,2025-06-18
주석(99.90%이상),"부산,인천,대구,전북",49490000,2025-06-18
니켈(합금용),"부산,인천,대구",25040000,2025-06-18
니켈(도금용),"부산,인천",25390000,2025-06-18
알루미늄(서구산),"부산,인천,대구,대전, 전북",4120000,2025-06-17
알루미늄(비서구산),"부산,인천,대구,전북",4070000,2025-06-17
구리(99.99%이상),"부산,인천,대구,대전, 전북",15120000,2025-06-17
납(99.99%이상),"인천,대구,부산",3200000,2025-06-17
납(99.99%이상),전북,3120000,2025-06-17
아연,"부산,인천,전북",4230000,2025-06-17
주석(99.85%이상),"부산,인천,대구,전북",49750000,2025-06-17
주석(99.90%이상),"부산,인천,대구,전북",50010000,2025-06-17
니켈(합금용),"부산,인천,대구",25280000,2025-06-17
니켈(도금용),"부산,인천",25630000,2025-06-17
알루미늄(서구산),"부산,인천,대구,대전, 전북",4110000,2025-06-16
알루미늄(비서구산),"부산,인천,대구,전북",4070000,2025-06-16
구리(99.99%이상),"부산,인천,대구,대전, 전북",15060000,2025-06-16
납(99.99%이상),"인천,대구,부산",3190000,2025-06-16
납(99.99%이상),전북,3110000,2025-06-16
아연,"부산,인천,전북",4200000,2025-06-16
주석(99.85%이상),"부산,인천,대구,전북",50200000,2025-06-16
주석(99.90%이상),"부산,인천,대구,전북",50460000,2025-06-16
니켈(합금용),"부산,인천,대구",25490000,2025-06-16
니켈(도금용),"부산,인천",25850000,2025-06-16
알루미늄(서구산),"부산,인천,대구,대전, 전북",4110000,2025-06-13
알루미늄(비서구산),"부산,인천,대구,전북",4060000,2025-06-13
구리(99.99%이상),"부산,인천,대구,대전, 전북",15040000,2025-06-13
납(99.99%이상),"인천,대구,부산",3170000,2025-06-13
납(99.99%이상),전북,3090000,2025-06-13
아연,"부산,인천,전북",4190000,2025-06-13
주석(99.85%이상),"부산,인천,대구,전북",49740000,2025-06-13
주석(99.90%이상),"부산,인천,대구,전북",50000000,2025-06-13
니켈(합금용),"부산,인천,대구",25310000,2025-06-13
니켈(도금용),"부산,인천",25660000,2025-06-13
알루미늄(서구산),"부산,인천,대구,대전, 전북",4160000,2025-06-12
알루미늄(비서구산),"부산,인천,대구,전북",4110000,2025-06-12
구리(99.99%이상),"부산,인천,대구,대전, 전북",15100000,2025-06-12
납(99.99%이상),"인천,대구,부산",3200000,2025-06-12
납(99.99%이상),전북,3110000,2025-06-12
아연,"부산,인천,전북",4250000,2025-06-12
주석(99.85%이상),"부산,인천,대구,전북",50340000,2025-06-12
주석(99.90%이상),"부산,인천,대구,전북",50600000,2025-06-12
니켈(합금용),"부산,인천,대구",25660000,2025-06-12
니켈(도금용),"부산,인천",26010000,2025-06-12
알루미늄(서구산),"부산,인천,대구,대전, 전북",4090000,2025-06-11
알루미늄(비서구산),"부산,인천,대구,전북",4050000,2025-06-11
구리(99.99%이상),"부산,인천,대구,대전, 전북",15180000,2025-06-11
납(99.99%이상),"인천,대구,부산",3160000,2025-06-11
납(99.99%이상),전북,3080000,2025-06-11
아연,"부산,인천,전북",4220000,2025-06-11
주석(99.85%이상),"부산,인천,대구,전북",50160000,2025-06-11
주석(99.90%이상),"부산,인천,대구,전북",50420000,2025-06-11
니켈(합금용),"부산,인천,대구",25670000,2025-06-11
니켈(도금용),"부산,인천",26030000,2025-06-11
알루미늄(서구산),"부산,인천,대구,대전, 전북",4040000,2025-06-10
알루미늄(비서구산),"부산,인천,대구,전북",3990000,2025-06-10
구리(99.99%이상),"부산,인천,대구,대전, 전북",15170000,2025-06-10
납(99.99%이상),"인천,대구,부산",3150000,2025-06-10
납(99.99%이상),전북,3070000,2025-06-10
주석(99.85%이상),"부산,인천,대구,전북",49900000,2025-06-10
주석(99.90%이상),"부산,인천,대구,전북",50160000,2025-06-10
니켈(합금용),"부산,인천,대구",25690000,2025-06-10
니켈(도금용),"부산,인천",26040000,2025-06-10
알루미늄(서구산),"부산,인천,대구,대전, 전북",3990000,2025-06-09
알루미늄(비서구산),"부산,인천,대구,전북",3950000,2025-06-09
구리(99.99%이상),"부산,인천,대구,대전, 전북",15000000,2025-06-09
납(99.99%이상),"인천,대구,부산",3150000,2025-06-09
납(99.99%이상),전북,3070000,2025-06-09
아연,"부산,인천,전북",4210000,2025-06-09
주석(99.85%이상),"부산,인천,대구,전북",49460000,2025-06-09
주석(99.90%이상),"부산,인천,대구,전북",49720000,2025-06-09
니켈(합금용),"부산,인천,대구",25840000,2025-06-09
니켈(도금용),"부산,인천",26190000,2025-06-09
알루미늄(서구산),"부산,인천,대구,대전, 전북",4070000,2025-06-05
알루미늄(비서구산),"부산,인천,대구,전북",4030000,2025-06-05
구리(99.99%이상),"부산,인천,대구,대전, 전북",14990000,2025-06-05
납(99.99%이상),"인천,대구,부산",3200000,2025-06-05
납(99.99%이상),전북,3120000,2025-06-05
아연,"부산,인천,전북",4310000,2025-06-05
주석(99.85%이상),"부산,인천,대구,전북",49210000,2025-06-05
주석(99.90%이상),"부산,인천,대구,전북",49470000,2025-06-05
니켈(합금용),"부산,인천,대구",25900000,2025-06-05
니켈(도금용),"부산,인천",26250000,2025-06-05
알루미늄(서구산),"부산,인천,대구,대전, 전북",4060000,2025-06-04
알루미늄(비서구산),"부산,인천,대구,전북",4010000,2025-06-04
구리(99.99%이상),"부산,인천,대구,대전, 전북",15050000,2025-06-04
납(99.99%이상),"인천,대구,부산",3200000,2025-06-04
납(99.99%이상),전북,3120000,2025-06-04
아연,"부산,인천,전북",4340000,2025-06-04
주석(99.85%이상),"부산,인천,대구,전북",48340000,2025-06-04
주석(99.90%이상),"부산,인천,대구,전북",48610000,2025-06-04
니켈(합금용),"부산,인천,대구",26010000,2025-06-04
니켈(도금용),"부산,인천",26370000,2025-06-04
알루미늄(서구산),"부산,인천,대구,대전, 전북",4050000,2025-06-02
알루미늄(비서구산),"부산,인천,대구,전북",4000000,2025-06-02
구리(99.99%이상),"부산,인천,대구,대전, 전북",14920000,2025-06-02
납(99.99%이상),"인천,대구,부산",3170000,2025-06-02
납(99.99%이상),전북,3090000,2025-06-02
아연,"부산,인천,전북",4230000,2025-06-02
주석(99.85%이상),"부산,인천,대구,전북",47110000,2025-06-02
주석(99.90%이상),"부산,인천,대구,전북",47380000,2025-06-02
니켈(합금용),"부산,인천,대구",25850000,2025-06-02
니켈(도금용),"부산,인천",26200000,2025-06-02
알루미늄(서구산),"부산,인천,대구,대전, 전북",4040000,2025-05-30
알루미늄(비서구산),"부산,인천,대구,전북",4000000,2025-05-30
구리(99.99%이상),"부산,인천,대구,대전, 전북",14960000,2025-05-30
납(99.99%이상),"인천,대구,부산",3170000,2025-05-30
납(99.99%이상),전북,3090000,2025-05-30
아연,"부산,인천,전북",4310000,2025-05-30
주석(99.85%이상),"부산,인천,대구,전북",48240000,2025-05-30
주석(99.90%이상),"부산,인천,대구,전북",48530000,2025-05-30
니켈(합금용),"부산,인천,대구",25980000,2025-05-30
니켈(도금용),"부산,인천",26330000,2025-05-30
알루미늄(서구산),"부산,인천,대구,대전, 전북",4080000,2025-05-29
알루미늄(비서구산),"부산,인천,대구,전북",4040000,2025-05-29
구리(99.99%이상),"부산,인천,대구,대전, 전북",14950000,2025-05-29
납(99.99%이상),"인천,대구,부산",3210000,2025-05-29
납(99.99%이상),전북,3130000,2025-05-29
아연,"부산,인천,전북",4340000,2025-05-29
주석(99.85%이상),"부산,인천,대구,전북",48900000,2025-05-29
주석(99.90%이상),"부산,인천,대구,전북",49180000,2025-05-29
니켈(합금용),"부산,인천,대구",25440000,2025-05-29
니켈(도금용),"부산,인천",25790000,2025-05-29
알루미늄(서구산),"부산,인천,대구,대전, 전북",4080000,2025-05-28
알루미늄(비서구산),"부산,인천,대구,전북",4040000,2025-05-28
구리(99.99%이상),"부산,인천,대구,대전, 전북",14920000,2025-05-28
납(99.99%이상),"인천,대구,부산",3190000,2025-05-28
납(99.99%이상),전북,3110000,2025-05-28
아연,"부산,인천,전북",4340000,2025-05-28
주석(99.85%이상),"부산,인천,대구,전북",50000000,2025-05-28
주석(99.90%이상),"부산,인천,대구,전북",50290000,2025-05-28
니켈(합금용),"부산,인천,대구",25910000,2025-05-28
니켈(도금용),"부산,인천",26260000,2025-05-28
알루미늄(서구산),"부산,인천,대구,대전, 전북",4020000,2025-05-27
알루미늄(비서구산),"부산,인천,대구,전북",3990000,2025-05-27
구리(99.99%이상),"부산,인천,대구,대전, 전북",14870000,2025-05-27
납(99.99%이상),"인천,대구,부산",3190000,2025-05-27
납(99.99%이상),전북,3110000,2025-05-27
아연,"인천,대구,전북",4320000,2025-05-27
주석(99.85%이상),"부산,인천,대구,전북",50120000,2025-05-27
주석(99.90%이상),"부산,인천,대구,전북",50410000,2025-05-27
니켈(합금용),"부산,인천,대구",26100000,2025-05-27
니켈(도금용),"부산,인천",26450000,2025-05-27
인듐(대여),인천,611770150,2025-05-27
알루미늄(서구산),"부산,인천,대구,대전, 전북",4060000,2025-05-26
알루미늄(비서구산),"부산,인천,대구,전북",4020000,2025-05-26
구리(99.99%이상),"부산,인천,대구,대전, 전북",14990000,2025-05-26
납(99.99%이상),"인천,대구,부산",3220000,2025-05-26
납(99.99%이상),전북,3140000,2025-05-26
아연,"인천,대구,전북",4350000,2025-05-26
주석(99.85%이상),"부산,인천,대구,전북",50540000,2025-05-26
주석(99.90%이상),"부산,인천,대구,전북",50820000,2025-05-26
니켈(합금용),"부산,인천,대구",26310000,2025-05-26
니켈(도금용),"부산,인천",26670000,2025-05-26
인듐(대여),인천,611770150,2025-05-26
알루미늄(서구산),"부산,인천,대구,대전, 전북",4060000,2025-05-23
알루미늄(비서구산),"부산,인천,대구,전북",4020000,2025-05-23
구리(99.99%이상),"부산,인천,대구,대전, 전북",14860000,2025-05-23
납(99.99%이상),"인천,대구,부산",3190000,2025-05-23
납(99.99%이상),전북,3110000,2025-05-23
아연,"인천,대구,전북",4360000,2025-05-23
주석(99.85%이상),"부산,인천,대구,전북",50070000,2025-05-23
주석(99.90%이상),"부산,인천,대구,전북",50360000,2025-05-23
니켈(합금용),"부산,인천,대구",26260000,2025-05-23
니켈(도금용),"부산,인천",26620000,2025-05-23
인듐(대여),인천,578224530,2025-05-23
알루미늄(서구산),"부산,인천,대구,대전, 전북",4110000,2025-05-22
알루미늄(비서구산),"부산,인천,대구,전북",4070000,2025-05-22
구리(99.99%이상),"부산,인천,대구,대전, 전북",14970000,2025-05-22
납(99.99%이상),"인천,대구,부산",3210000,2025-05-22
납(99.99%이상),전북,3130000,2025-05-22
아연,"인천,대구,전북",4370000,2025-05-22
주석(99.85%이상),"부산,인천,대구,전북",51060000,2025-05-22
주석(99.90%이상),"부산,인천,대구,전북",51350000,2025-05-22
니켈(합금용),"부산,인천,대구",26530000,2025-05-22
니켈(도금용),"부산,인천",26890000,2025-05-22
인듐(대여),인천,578224530,2025-05-22
알루미늄(서구산),"부산,인천,대구,대전, 전북",4130000,2025-05-21
알루미늄(비서구산),"부산,인천,대구,전북",4090000,2025-05-21
구리(99.99%이상),"부산,인천,대구,대전, 전북",14990000,2025-05-21
납(99.99%이상),"인천,대구,부산",3230000,2025-05-21
납(99.99%이상),전북,3150000,2025-05-21
아연,"인천,대구,전북",4410000,2025-05-21
주석(99.85%이상),"부산,인천,대구,전북",51710000,2025-05-21
주석(99.90%이상),"부산,인천,대구,전북",52000000,2025-05-21
니켈(합금용),"부산,인천,대구",26490000,2025-05-21
니켈(도금용),"부산,인천",26850000,2025-05-21
인듐(대여),인천,578224530,2025-05-21
알루미늄(서구산),"부산,인천,대구,대전, 전북",4110000,2025-05-20
알루미늄(비서구산),"부산,인천,대구,전북",4080000,2025-05-20
구리(99.99%이상),"부산,인천,대구,대전, 전북",15080000,2025-05-20
납(99.99%이상),"인천,대구,부산",3220000,2025-05-20
납(99.99%이상),전북,3140000,2025-05-20
아연,"인천,대구,전북",4370000,2025-05-20
주석(99.85%이상),"부산,인천,대구,전북",51600000,2025-05-20
주석(99.90%이상),"부산,인천,대구,전북",51890000,2025-05-20
니켈(합금용),"부산,인천,대구",26670000,2025-05-20
니켈(도금용),"부산,인천",27030000,2025-05-20
인듐(대여),인천,578224530,2025-05-20
알루미늄(서구산),"부산,인천,대구,대전, 전북",4150000,2025-05-19
알루미늄(비서구산),"부산,인천,대구,전북",4110000,2025-05-19
구리(99.99%이상),"부산,인천,대구,대전, 전북",14900000,2025-05-19
납(99.99%이상),"인천,대구,부산",3280000,2025-05-19
납(99.99%이상),전북,3200000,2025-05-19
아연,"인천,대구,전북",4380000,2025-05-19
주석(99.85%이상),"부산,인천,대구,전북",51130000,2025-05-19
주석(99.90%이상),"부산,인천,대구,전북",51420000,2025-05-19
니켈(합금용),"부산,인천,대구",26660000,2025-05-19
니켈(도금용),"부산,인천",27020000,2025-05-19
인듐(대여),인천,578224530,2025-05-19
알루미늄(서구산),"부산,인천,대구,대전, 전북",4160000,2025-05-16
알루미늄(비서구산),"부산,인천,대구,전북",4120000,2025-05-16
구리(99.99%이상),"부산,인천,대구,대전, 전북",15160000,2025-05-16
납(99.99%이상),"인천,대구,부산",3300000,2025-05-16
납(99.99%이상),전북,3220000,2025-05-16
아연,"인천,대구,전북",4450000,2025-05-16
주석(99.85%이상),"부산,인천,대구,전북",51480000,2025-05-16
주석(99.90%이상),"부산,인천,대구,전북",51770000,2025-05-16
니켈(합금용),"부산,인천,대구",26990000,2025-05-16
니켈(도금용),"부산,인천",27350000,2025-05-16
인듐(대여),인천,575630860,2025-05-16
알루미늄(서구산),"부산,인천,대구,대전, 전북",4300000,2025-05-15
알루미늄(비서구산),"부산,인천,대구,전북",4260000,2025-05-15
구리(99.99%이상),"부산,인천,대구,대전, 전북",15450000,2025-05-15
납(99.99%이상),"인천,대구,부산",3350000,2025-05-15
납(99.99%이상),전북,3260000,2025-05-15
아연,"인천,대구,전북",4590000,2025-05-15
주석(99.85%이상),"부산,인천,대구,전북",52260000,2025-05-15
주석(99.90%이상),"부산,인천,대구,전북",52560000,2025-05-15
니켈(합금용),"부산,인천,대구",27590000,2025-05-15
니켈(도금용),"부산,인천",27960000,2025-05-15
인듐(대여),인천,575630860,2025-05-15
알루미늄(서구산),"부산,인천,대구,대전, 전북",4230000,2025-05-14
알루미늄(비서구산),"부산,인천,대구,전북",4190000,2025-05-14
구리(99.99%이상),"부산,인천,대구,대전, 전북",15400000,2025-05-14
납(99.99%이상),"인천,대구,부산",3330000,2025-05-14
납(99.99%이상),전북,3250000,2025-05-14
아연,"인천,대구,전북",4480000,2025-05-14
주석(99.85%이상),"부산,인천,대구,전북",52050000,2025-05-14
주석(99.90%이상),"부산,인천,대구,전북",52350000,2025-05-14
니켈(합금용),"부산,인천,대구",27300000,2025-05-14
니켈(도금용),"부산,인천",27660000,2025-05-14
인듐(대여),인천,575630860,2025-05-14
알루미늄(서구산),"부산,인천,대구,대전, 전북",4160000,2025-05-13
알루미늄(비서구산),"부산,인천,대구,전북",4130000,2025-05-13
구리(99.99%이상),"부산,인천,대구,대전, 전북",15130000,2025-05-13
납(99.99%이상),"인천,대구,부산",3300000,2025-05-13
납(99.99%이상),전북,3210000,2025-05-13
주석(99.85%이상),"부산,인천,대구,전북",51370000,2025-05-13
주석(99.90%이상),"부산,인천,대구,전북",51670000,2025-05-13
니켈(합금용),"부산,인천,대구",26870000,2025-05-13
니켈(도금용),"부산,인천",27240000,2025-05-13
인듐(대여),인천,575630860,2025-05-13
알루미늄(서구산),"부산,인천,대구,대전, 전북",4050000,2025-05-12
알루미늄(비서구산),"부산,인천,대구,전북",4020000,2025-05-12
구리(99.99%이상),"부산,인천,대구,대전, 전북",15030000,2025-05-12
납(99.99%이상),"인천,대구,부산",3290000,2025-05-12
납(99.99%이상),전북,3210000,2025-05-12
주석(99.85%이상),"부산,인천,대구,전북",50130000,2025-05-12
주석(99.90%이상),"부산,인천,대구,전북",50430000,2025-05-12
니켈(합금용),"부산,인천,대구",27110000,2025-05-12
니켈(도금용),"부산,인천",27470000,2025-05-12
인듐(대여),인천,575630860,2025-05-12
알루미늄(서구산),"부산,인천,대구,대전, 전북",4040000,2025-05-09
알루미늄(비서구산),"부산,인천,대구,전북",4000000,2025-05-09
구리(99.99%이상),"부산,인천,대구,대전, 전북",14970000,2025-05-09
납(99.99%이상),"인천,대구,부산",3210000,2025-05-09
납(99.99%이상),전북,3130000,2025-05-09
아연,"인천,대구,전북",4270000,2025-05-09
주석(99.85%이상),"부산,인천,대구,전북",49820000,2025-05-09
주석(99.90%이상),"부산,인천,대구,전북",50110000,2025-05-09
니켈(합금용),"부산,인천,대구",26650000,2025-05-09
니켈(도금용),"부산,인천",27010000,2025-05-09
인듐(대여),인천,595206510,2025-05-09
알루미늄(서구산),"부산,인천,대구,대전, 전북",3970000,2025-05-08
알루미늄(비서구산),"부산,인천,대구,전북",3930000,2025-05-08
구리(99.99%이상),"부산,인천,대구,대전, 전북",14930000,2025-05-08
납(99.99%이상),"인천,대구,부산",3220000,2025-05-08
납(99.99%이상),전북,3140000,2025-05-08
주석(99.85%이상),"부산,인천,대구,전북",49490000,2025-05-08
주석(99.90%이상),"부산,인천,대구,전북",49780000,2025-05-08
니켈(합금용),"부산,인천,대구",26650000,2025-05-08
니켈(도금용),"부산,인천",27010000,2025-05-08
인듐(대여),인천,595206510,2025-05-08
알루미늄(서구산),"부산,인천,대구,대전, 전북",4060000,2025-05-07
알루미늄(비서구산),"부산,인천,대구,전북",4020000,2025-05-07
구리(99.99%이상),"부산,인천,대구,대전, 전북",15190000,2025-05-07
납(99.99%이상),"인천,대구,부산",3180000,2025-05-07
납(99.99%이상),전북,3100000,2025-05-07
주석(99.85%이상),"부산,인천,대구,전북",50280000,2025-05-07
주석(99.90%이상),"부산,인천,대구,전북",50580000,2025-05-07
니켈(합금용),"부산,인천,대구",27020000,2025-05-07
니켈(도금용),"부산,인천",27380000,2025-05-07
인듐(대여),인천,595206510,2025-05-07
알루미늄(서구산),"부산,인천,대구,대전, 전북",4090000,2025-05-02
알루미늄(비서구산),"부산,인천,대구,전북",4060000,2025-05-02
구리(99.99%이상),"부산,인천,대구,대전, 전북",14860000,2025-05-02
납(99.99%이상),"인천,대구,부산",3270000,2025-05-02
납(99.99%이상),전북,3190000,2025-05-02
주석(99.85%이상),"부산,인천,대구,전북",47350000,2025-05-02
주석(99.90%이상),"부산,인천,대구,전북",47650000,2025-05-02
니켈(합금용),"부산,인천,대구",26640000,2025-05-02
니켈(도금용),"부산,인천",27010000,2025-05-02
인듐(대여),인천,595123060,2025-05-02
알루미늄(서구산),"부산,인천,대구,대전, 전북",4060000,2025-05-01
알루미늄(비서구산),"부산,인천,대구,전북",4020000,2025-05-01
구리(99.99%이상),"부산,인천,대구,대전, 전북",14670000,2025-05-01
납(99.99%이상),"인천,대구,부산",3280000,2025-05-01
납(99.99%이상),전북,3200000,2025-05-01
주석(99.85%이상),"부산,인천,대구,전북",49810000,2025-05-01
주석(99.90%이상),"부산,인천,대구,전북",50100000,2025-05-01
니켈(합금용),"부산,인천,대구",26890000,2025-05-01
니켈(도금용),"부산,인천",27260000,2025-05-01
인듐(대여),인천,595123060,2025-05-01
알루미늄(서구산),"부산,인천,대구,대전, 전북",4240000,2025-04-30
알루미늄(비서구산),"부산,인천,대구,전북",4180000,2025-04-30
구리(99.99%이상),"부산,인천,대구,대전, 전북",15380000,2025-04-30
납(99.99%이상),"인천,대구,부산",3350000,2025-04-30
납(99.99%이상),전북,3270000,2025-04-30
아연,"인천,대구,전북",4350000,2025-04-30
주석(99.85%이상),"부산,인천,대구,전북",51130000,2025-04-30
주석(99.90%이상),"부산,인천,대구,전북",51240000,2025-04-30
니켈(합금용),"부산,인천,대구",27410000,2025-04-30
니켈(도금용),"부산,인천",27780000,2025-04-30
인듐(대여),인천,595123060,2025-04-30
알루미늄(서구산),"부산,인천,대구,대전, 전북",4200000,2025-04-29
알루미늄(비서구산),"부산,인천,대구,전북",4140000,2025-04-29
구리(99.99%이상),"부산,인천,대구,대전, 전북",15400000,2025-04-29
납(99.99%이상),"인천,대구,부산",3340000,2025-04-29
납(99.99%이상),전북,3260000,2025-04-29
주석(99.85%이상),"부산,인천,대구,전북",51480000,2025-04-29
주석(99.90%이상),"부산,인천,대구,전북",51590000,2025-04-29
니켈(합금용),"부산,인천,대구",27610000,2025-04-29
니켈(도금용),"부산,인천",27980000,2025-04-29
인듐(대여),인천,595123060,2025-04-29
알루미늄(서구산),"부산,인천,대구,대전, 전북",4170000,2025-04-28
알루미늄(비서구산),"부산,인천,대구,전북",4120000,2025-04-28
구리(99.99%이상),"부산,인천,대구,대전, 전북",15280000,2025-04-28
납(99.99%이상),"인천,대구,부산",3290000,2025-04-28
납(99.99%이상),전북,3200000,2025-04-28
주석(99.85%이상),"부산,인천,대구,전북",51200000,2025-04-28
주석(99.90%이상),"부산,인천,대구,전북",51310000,2025-04-28
니켈(합금용),"부산,인천,대구",27380000,2025-04-28
니켈(도금용),"부산,인천",27760000,2025-04-28
인듐(대여),인천,595123060,2025-04-28
알루미늄(서구산),"부산,인천,대구,대전, 전북",4210000,2025-04-25
알루미늄(비서구산),"부산,인천,대구,전북",4150000,2025-04-25
구리(99.99%이상),"부산,인천,대구,대전, 전북",15300000,2025-04-25
납(99.99%이상),"인천,대구,부산",3300000,2025-04-25
납(99.99%이상),전북,3220000,2025-04-25
주석(99.85%이상),"부산,인천,대구,전북",50800000,2025-04-25
주석(99.90%이상),"부산,인천,대구,전북",50920000,2025-04-25
니켈(합금용),"부산,인천,대구",27790000,2025-04-25
니켈(도금용),"부산,인천",28160000,2025-04-25
인듐(대여),인천,593996570,2025-04-25
알루미늄(서구산),"부산,인천,대구,대전, 전북",4130000,2025-04-24
알루미늄(비서구산),"부산,인천,대구,전북",4080000,2025-04-24
구리(99.99%이상),"부산,인천,대구,대전, 전북",15090000,2025-04-24
납(99.99%이상),"인천,대구,부산",3250000,2025-04-24
납(99.99%이상),전북,3170000,2025-04-24
주석(99.85%이상),"부산,인천,대구,전북",49520000,2025-04-24
주석(99.90%이상),"부산,인천,대구,전북",49630000,2025-04-24
니켈(합금용),"부산,인천,대구",27250000,2025-04-24
니켈(도금용),"부산,인천",27620000,2025-04-24
인듐(대여),인천,593996570,2025-04-24
알루미늄(서구산),"부산,인천,대구,대전, 전북",4050000,2025-04-23
알루미늄(비서구산),"부산,인천,대구,전북",4000000,2025-04-23
구리(99.99%이상),"부산,인천,대구,대전, 전북",15080000,2025-04-23
납(99.99%이상),"인천,대구,부산",3220000,2025-04-23
납(99.99%이상),전북,3140000,2025-04-23
아연,"부산,인천,대구,전북",4200000,2025-04-23
주석(99.85%이상),"부산,인천,대구,전북",49220000,2025-04-23
주석(99.90%이상),"부산,인천,대구,전북",49330000,2025-04-23
니켈(합금용),"부산,인천,대구",27280000,2025-04-23
니켈(도금용),"부산,인천",27650000,2025-04-23
인듐(대여),인천,593996570,2025-04-23
알루미늄(서구산),"부산,인천,대구,대전, 전북",4020000,2025-04-22
알루미늄(비서구산),"부산,인천,대구,전북",3970000,2025-04-22
구리(99.99%이상),"부산,인천,대구,대전, 전북",14760000,2025-04-22
납(99.99%이상),"인천,대구,부산",3220000,2025-04-22
납(99.99%이상),전북,3140000,2025-04-22
주석(99.85%이상),"부산,인천,대구,전북",48370000,2025-04-22
주석(99.90%이상),"부산,인천,대구,전북",48470000,2025-04-22
니켈(합금용),"부산,인천,대구",27170000,2025-04-22
니켈(도금용),"부산,인천",27540000,2025-04-22
인듐(대여),인천,593996570,2025-04-22
알루미늄(서구산),"부산,인천,대구,대전, 전북",4030000,2025-04-21
알루미늄(비서구산),"부산,인천,대구,전북",3980000,2025-04-21
구리(99.99%이상),"부산,인천,대구,대전, 전북",14810000,2025-04-21
납(99.99%이상),"인천,대구,부산",3230000,2025-04-21
납(99.99%이상),전북,3140000,2025-04-21
주석(99.85%이상),"부산,인천,대구,전북",48510000,2025-04-21
주석(99.90%이상),"부산,인천,대구,전북",48620000,2025-04-21
니켈(합금용),"부산,인천,대구",27250000,2025-04-21
니켈(도금용),"부산,인천",27620000,2025-04-21
인듐(대여),인천,593996570,2025-04-21
알루미늄(서구산),"부산,인천,대구,대전, 전북",4020000,2025-04-18
알루미늄(비서구산),"부산,인천,대구,전북",3970000,2025-04-18
구리(99.99%이상),"부산,인천,대구,대전, 전북",14760000,2025-04-18
납(99.99%이상),"인천,대구,부산",3220000,2025-04-18
납(99.99%이상),전북,3130000,2025-04-18
주석(99.85%이상),"부산,인천,대구,전북",48360000,2025-04-18
주석(99.90%이상),"부산,인천,대구,전북",48470000,2025-04-18
니켈(합금용),"부산,인천,대구",27170000,2025-04-18
니켈(도금용),"부산,인천",27530000,2025-04-18
인듐(대여),인천,611770150,2025-04-18
알루미늄(서구산),"부산,인천,대구,대전, 전북",4070000,2025-04-17
알루미늄(비서구산),"부산,인천,대구,전북",4010000,2025-04-17
구리(99.99%이상),"부산,인천,대구,대전, 전북",14860000,2025-04-17
납(99.99%이상),"인천,대구,부산",3210000,2025-04-17
납(99.99%이상),전북,3130000,2025-04-17
아연,"부산,인천,대구,전북",4220000,2025-04-17
주석(99.85%이상),"부산,인천,대구,전북",48850000,2025-04-17
주석(99.90%이상),"부산,인천,대구,전북",48960000,2025-04-17
니켈(합금용),"부산,인천,대구",27410000,2025-04-17
니켈(도금용),"부산,인천",27780000,2025-04-17
인듐(대여),인천,611770150,2025-04-17
알루미늄(서구산),"부산,인천,대구,대전, 전북",4040000,2025-04-16
알루미늄(비서구산),"부산,인천,대구,전북",3990000,2025-04-16
구리(99.99%이상),"부산,인천,대구,대전, 전북",14760000,2025-04-16
납(99.99%이상),"인천,대구,부산",3210000,2025-04-16
납(99.99%이상),전북,3130000,2025-04-16
아연,"부산,인천,대구,전북",4280000,2025-04-16
주석(99.85%이상),"부산,인천,대구,전북",49160000,2025-04-16
주석(99.90%이상),"부산,인천,대구,전북",49270000,2025-04-16
니켈(합금용),"부산,인천,대구",27170000,2025-04-16
니켈(도금용),"부산,인천",27540000,2025-04-16
인듐(대여),인천,611770150,2025-04-16
알루미늄(서구산),"부산,인천,대구,대전, 전북",4040000,2025-04-15
알루미늄(비서구산),"부산,인천,대구,전북",3980000,2025-04-15
구리(99.99%이상),"부산,인천,대구,대전, 전북",14810000,2025-04-15
납(99.99%이상),"인천,대구,부산",3210000,2025-04-15
납(99.99%이상),전북,3130000,2025-04-15
주석(99.85%이상),"부산,인천,대구,전북",49420000,2025-04-15
주석(99.90%이상),"부산,인천,대구,전북",49530000,2025-04-15
니켈(합금용),"부산,인천,대구",26760000,2025-04-15
니켈(도금용),"부산,인천",27120000,2025-04-15
인듐(대여),인천,611770150,2025-04-15
알루미늄(서구산),"부산,인천,대구,대전, 전북",4150000,2025-04-14
알루미늄(비서구산),"부산,인천,대구,전북",4100000,2025-04-14
구리(99.99%이상),"부산,인천,대구,대전, 전북",15130000,2025-04-14
납(99.99%이상),"인천,대구,부산",3260000,2025-04-14
납(99.99%이상),전북,3180000,2025-04-14
주석(99.85%이상),"부산,인천,대구,전북",50360000,2025-04-14
주석(99.90%이상),"부산,인천,대구,전북",50480000,2025-04-14
니켈(합금용),"부산,인천,대구",26870000,2025-04-14
니켈(도금용),"부산,인천",27250000,2025-04-14
인듐(대여),인천,611770150,2025-04-14
알루미늄(서구산),"부산,인천,대구,대전, 전북",4130000,2025-04-11
알루미늄(비서구산),"부산,인천,대구,전북",4070000,2025-04-11
구리(99.99%이상),"부산,인천,대구,대전, 전북",14900000,2025-04-11
납(99.99%이상),"인천,대구,부산",3240000,2025-04-11
납(99.99%이상),전북,3160000,2025-04-11
주석(99.85%이상),"부산,인천,대구,전북",49860000,2025-04-11
주석(99.90%이상),"부산,인천,대구,전북",49970000,2025-04-11
니켈(합금용),"부산,인천,대구",26560000,2025-04-11
니켈(도금용),"부산,인천",26930000,2025-04-11
인듐(대여),인천,610184720,2025-04-11
알루미늄(서구산),"부산,인천,대구,대전, 전북",4110000,2025-04-10
알루미늄(비서구산),"부산,인천,대구,전북",4060000,2025-04-10
구리(99.99%이상),"부산,인천,대구,대전, 전북",14470000,2025-04-10
납(99.99%이상),"인천,대구,부산",3210000,2025-04-10
납(99.99%이상),전북,3130000,2025-04-10
주석(99.85%이상),"부산,인천,대구,전북",49470000,2025-04-10
주석(99.90%이상),"부산,인천,대구,전북",49580000,2025-04-10
니켈(합금용),"부산,인천,대구",25890000,2025-04-10
니켈(도금용),"부산,인천",26270000,2025-04-10
인듐(대여),인천,610184720,2025-04-10
알루미늄(서구산),"부산,인천,대구,대전, 전북",4130000,2025-04-09
알루미늄(비서구산),"부산,인천,대구,전북",4080000,2025-04-09
구리(99.99%이상),"부산,인천,대구,대전, 전북",14450000,2025-04-09
납(99.99%이상),"인천,대구,부산",3230000,2025-04-09
납(99.99%이상),전북,3150000,2025-04-09
아연,"부산,인천,대구,전북",4340000,2025-04-09
주석(99.85%이상),"부산,인천,대구,전북",53880000,2025-04-09
주석(99.90%이상),"부산,인천,대구,전북",53990000,2025-04-09
니켈(합금용),"부산,인천,대구",25850000,2025-04-09
니켈(도금용),"부산,인천",26230000,2025-04-09
인듐(대여),인천,610184720,2025-04-09
알루미늄(서구산),"부산,인천,대구,대전, 전북",4160000,2025-04-08
구리(99.99%이상),"부산,인천,대구,대전, 전북",14510000,2025-04-08
납(99.99%이상),"인천,대구,부산",3220000,2025-04-08
납(99.99%이상),전북,3140000,2025-04-08
주석(99.85%이상),"부산,인천,대구,전북",56120000,2025-04-08
주석(99.90%이상),"부산,인천,대구,전북",56230000,2025-04-08
니켈(합금용),"부산,인천,대구",26050000,2025-04-08
니켈(도금용),"부산,인천",26430000,2025-04-08
인듐(대여),인천,610184720,2025-04-08
알루미늄(서구산),"부산,인천,대구,대전, 전북",4090000,2025-04-07
알루미늄(비서구산),"부산,인천,대구,전북",4030000,2025-04-07
구리(99.99%이상),"부산,인천,대구,대전, 전북",14220000,2025-04-07
납(99.99%이상),"인천,대구,부산",3200000,2025-04-07
납(99.99%이상),전북,3120000,2025-04-07
주석(99.85%이상),"부산,인천,대구,전북",57150000,2025-04-07
주석(99.90%이상),"부산,인천,대구,전북",57270000,2025-04-07
니켈(합금용),"부산,인천,대구",26060000,2025-04-07
니켈(도금용),"부산,인천",26430000,2025-04-07
인듐(대여),인천,610184720,2025-04-07
알루미늄(서구산),"부산,인천,대구,대전, 전북",4300000,2025-04-04
알루미늄(비서구산),"부산,인천,대구,전북",4250000,2025-04-04
구리(99.99%이상),"부산,인천,대구,대전, 전북",15520000,2025-04-04
납(99.99%이상),"인천,대구,부산",3360000,2025-04-04
납(99.99%이상),전북,3280000,2025-04-04
아연,"부산,인천,대구,전북",4560000,2025-04-04
주석(99.85%이상),"부산,인천,대구,전북",61610000,2025-04-04
주석(99.90%이상),"부산,인천,대구,전북",61720000,2025-04-04
니켈(합금용),"부산,인천,대구",28250000,2025-04-04
니켈(도금용),"부산,인천",28630000,2025-04-04
인듐(대여),인천,603955420,2025-04-04
알루미늄(서구산),"부산,인천,대구,대전, 전북",4370000,2025-04-03
알루미늄(비서구산),"부산,인천,대구,전북",4320000,2025-04-03
구리(99.99%이상),"부산,인천,대구,대전, 전북",16050000,2025-04-03
납(99.99%이상),"인천,대구,부산",3380000,2025-04-03
납(99.99%이상),전북,3300000,2025-04-03
아연,"부산,인천,대구,전북",4660000,2025-04-03
주석(99.85%이상),"부산,인천,대구,전북",62420000,2025-04-03
주석(99.90%이상),"부산,인천,대구,전북",62540000,2025-04-03
니켈(합금용),"부산,인천,대구",28610000,2025-04-03
니켈(도금용),"부산,인천",28990000,2025-04-03
인듐(대여),인천,603955420,2025-04-03
알루미늄(서구산),"부산,인천,대구,대전, 전북",4420000,2025-04-02
알루미늄(비서구산),"부산,인천,대구,전북",4370000,2025-04-02
구리(99.99%이상),"부산,인천,대구,대전, 전북",16100000,2025-04-02
납(99.99%이상),"인천,대구,부산",3430000,2025-04-02
납(99.99%이상),전북,3340000,2025-04-02
아연,"부산,인천,대구,전북",4740000,2025-04-02
주석(99.85%이상),"부산,인천,대구,전북",62090000,2025-04-02
주석(99.90%이상),"부산,인천,대구,전북",62200000,2025-04-02
니켈(합금용),"부산,인천,대구",28940000,2025-04-02
니켈(도금용),"부산,인천",29320000,2025-04-02
인듐(대여),인천,603955420,2025-04-02
알루미늄(서구산),"부산,인천,대구,대전, 전북",4480000,2025-04-01
구리(99.99%이상),"부산,인천,대구,대전, 전북",16130000,2025-04-01
납(99.99%이상),"인천,대구,부산",3460000,2025-04-01
납(99.99%이상),전북,3380000,2025-04-01
아연,"부산,인천,대구,전북",4800000,2025-04-01
주석(99.85%이상),"부산,인천,대구,전북",60620000,2025-04-01
주석(99.90%이상),"부산,인천,대구,전북",60730000,2025-04-01
니켈(합금용),"부산,인천,대구",28650000,2025-04-01
니켈(도금용),"부산,인천",29030000,2025-04-01
인듐(대여),인천,603955420,2025-04-01
알루미늄(서구산),"부산,인천,대구,대전, 전북",4480000,2025-03-31
구리(99.99%이상),"부산,인천,대구,대전, 전북",15950000,2025-03-31
납(99.99%이상),"인천,대구,부산",3480000,2025-03-31
납(99.99%이상),전북,3390000,2025-03-31
아연,"부산,인천,대구,전북",4790000,2025-03-31
주석(99.85%이상),"부산,인천,대구,전북",59750000,2025-03-31
주석(99.90%이상),"부산,인천,대구,전북",59820000,2025-03-31
니켈(합금용),"부산,인천,대구",29270000,2025-03-31
니켈(도금용),"부산,인천",29650000,2025-03-31
인듐(대여),인천,603955420,2025-03-31
알루미늄(서구산),"부산,인천,대구,대전, 전북",4500000,2025-03-28
구리(99.99%이상),"부산,인천,대구,대전, 전북",16020000,2025-03-28
납(99.99%이상),"인천,대구,부산",3500000,2025-03-28
납(99.99%이상),전북,3410000,2025-03-28
아연,"부산,인천,대구,전북",4840000,2025-03-28
주석(99.85%이상),"부산,인천,대구,전북",58080000,2025-03-28
주석(99.90%이상),"부산,인천,대구,전북",58150000,2025-03-28
니켈(합금용),"부산,인천,대구",29030000,2025-03-28
니켈(도금용),"부산,인천",29400000,2025-03-28
인듐(대여),인천,599097430,2025-03-28
알루미늄(서구산),"부산,인천,대구,대전, 전북",4560000,2025-03-27
구리(99.99%이상),"부산,인천,대구,대전, 전북",16160000,2025-03-27
납(99.99%이상),"인천,대구,부산",3590000,2025-03-27
납(99.99%이상),전북,3500000,2025-03-27
아연,"부산,인천,대구,전북",4940000,2025-03-27
주석(99.85%이상),"부산,인천,대구,전북",57840000,2025-03-27
주석(99.90%이상),"부산,인천,대구,전북",57910000,2025-03-27
니켈(합금용),"부산,인천,대구",29030000,2025-03-27
니켈(도금용),"부산,인천",29410000,2025-03-27
인듐(대여),인천,599097430,2025-03-27
알루미늄(서구산),"부산,인천,대구,대전, 전북",4580000,2025-03-26
알루미늄(비서구산),"부산,인천,대구,전북",4530000,2025-03-26
구리(99.99%이상),"부산,인천,대구,대전, 전북",16530000,2025-03-26
납(99.99%이상),"인천,대구,부산",3590000,2025-03-26
납(99.99%이상),전북,3500000,2025-03-26
아연,"부산,인천,대구,전북",4980000,2025-03-26
주석(99.85%이상),"부산,인천,대구,전북",57730000,2025-03-26
주석(99.90%이상),"부산,인천,대구,전북",57800000,2025-03-26
니켈(합금용),"부산,인천,대구",28950000,2025-03-26
니켈(도금용),"부산,인천",29330000,2025-03-26
인듐(대여),인천,599097430,2025-03-26
알루미늄(서구산),"부산,인천,대구,대전, 전북",4620000,2025-03-25
알루미늄(비서구산),"부산,인천,대구,전북",4580000,2025-03-25
구리(99.99%이상),"부산,인천,대구,대전, 전북",16230000,2025-03-25
납(99.99%이상),"인천,대구,부산",3520000,2025-03-25
납(99.99%이상),전북,3430000,2025-03-25
아연,"부산,인천,대구,전북",4940000,2025-03-25
주석(99.85%이상),"부산,인천,대구,전북",56380000,2025-03-25
주석(99.90%이상),"부산,인천,대구,전북",56450000,2025-03-25
니켈(합금용),"부산,인천,대구",28680000,2025-03-25
니켈(도금용),"부산,인천",29060000,2025-03-25
인듐(대여),인천,599097430,2025-03-25
알루미늄(서구산),"부산,인천,대구,대전, 전북",4630000,2025-03-24
알루미늄(비서구산),"부산,인천,대구,전북",4590000,2025-03-24
구리(99.99%이상),"부산,인천,대구,대전, 전북",16010000,2025-03-24
납(99.99%이상),"인천,대구,부산",3460000,2025-03-24
납(99.99%이상),전북,3370000,2025-03-24
아연,"부산,인천,대구,전북",4890000,2025-03-24
주석(99.85%이상),"부산,인천,대구,전북",56370000,2025-03-24
주석(99.90%이상),"부산,인천,대구,전북",56440000,2025-03-24
니켈(합금용),"부산,인천,대구",28670000,2025-03-24
니켈(도금용),"부산,인천",29050000,2025-03-24
인듐(대여),인천,599097430,2025-03-24
알루미늄(서구산),"부산,인천,대구,대전, 전북",4680000,2025-03-21
알루미늄(비서구산),"부산,인천,대구,전북",4640000,2025-03-21
구리(99.99%이상),"부산,인천,대구,대전, 전북",16080000,2025-03-21
납(99.99%이상),"인천,대구,부산",3510000,2025-03-21
납(99.99%이상),전북,3420000,2025-03-21
아연,"부산,인천,대구,전북",4850000,2025-03-21
주석(99.85%이상),"부산,인천,대구,전북",57600000,2025-03-21
주석(99.90%이상),"부산,인천,대구,전북",57680000,2025-03-21
니켈(합금용),"부산,인천,대구",28960000,2025-03-21
니켈(도금용),"부산,인천",29340000,2025-03-21
인듐(대여),인천,590487220,2025-03-21
알루미늄(서구산),"부산,인천,대구,대전, 전북",4680000,2025-03-20
알루미늄(비서구산),"부산,인천,대구,전북",4640000,2025-03-20
구리(99.99%이상),"부산,인천,대구,대전, 전북",16130000,2025-03-20
납(99.99%이상),"인천,대구,부산",3550000,2025-03-20
납(99.99%이상),전북,3460000,2025-03-20
아연,"부산,인천,대구,전북",4830000,2025-03-20
주석(99.85%이상),"부산,인천,대구,전북",56840000,2025-03-20
주석(99.90%이상),"부산,인천,대구,전북",56920000,2025-03-20
니켈(합금용),"부산,인천,대구",29030000,2025-03-20
니켈(도금용),"부산,인천",29400000,2025-03-20
인듐(대여),인천,590487220,2025-03-20
알루미늄(서구산),"부산,인천,대구,대전, 전북",4650000,2025-03-19
알루미늄(비서구산),"부산,인천,대구,전북",4610000,2025-03-19
구리(99.99%이상),"부산,인천,대구,대전, 전북",15970000,2025-03-19
납(99.99%이상),"인천,대구,부산",3560000,2025-03-19
납(99.99%이상),전북,3470000,2025-03-19
아연,"부산,인천,대구,전북",4890000,2025-03-19
주석(99.85%이상),"부산,인천,대구,전북",57230000,2025-03-19
주석(99.90%이상),"부산,인천,대구,전북",57300000,2025-03-19
니켈(합금용),"부산,인천,대구",28770000,2025-03-19
니켈(도금용),"부산,인천",29140000,2025-03-19
인듐(대여),인천,590487220,2025-03-19
알루미늄(서구산),"부산,인천,대구,대전, 전북",4690000,2025-03-18
알루미늄(비서구산),"부산,인천,대구,전북",4650000,2025-03-18
구리(99.99%이상),"부산,인천,대구,대전, 전북",15830000,2025-03-18
납(99.99%이상),"인천,대구,부산",3530000,2025-03-18
납(99.99%이상),전북,3440000,2025-03-18
아연,"부산,인천,대구,전북",4870000,2025-03-18
주석(99.85%이상),"부산,인천,대구,전북",56990000,2025-03-18
주석(99.90%이상),"부산,인천,대구,전북",57060000,2025-03-18
니켈(합금용),"부산,인천,대구",28960000,2025-03-18
니켈(도금용),"부산,인천",29340000,2025-03-18
인듐(대여),인천,590487220,2025-03-18
알루미늄(서구산),"부산,인천,대구,대전, 전북",4710000,2025-03-17
알루미늄(비서구산),"부산,인천,대구,전북",4670000,2025-03-17
구리(99.99%이상),"부산,인천,대구,대전, 전북",15780000,2025-03-17
납(99.99%이상),"인천,대구,부산",3520000,2025-03-17
납(99.99%이상),전북,3430000,2025-03-17
아연,"부산,인천,대구,전북",4930000,2025-03-17
주석(99.85%이상),"부산,인천,대구,전북",57510000,2025-03-17
주석(99.90%이상),"부산,인천,대구,전북",57580000,2025-03-17
니켈(합금용),"부산,인천,대구",29160000,2025-03-17
니켈(도금용),"부산,인천",29540000,2025-03-17
인듐(대여),인천,590487220,2025-03-17
알루미늄(서구산),"부산,인천,대구,대전, 전북",4740000,2025-03-14
알루미늄(비서구산),"부산,인천,대구,전북",4700000,2025-03-14
구리(99.99%이상),"부산,인천,대구,대전, 전북",15810000,2025-03-14
납(99.99%이상),"인천,대구,부산",3530000,2025-03-14
납(99.99%이상),전북,3440000,2025-03-14
아연,"부산,인천,대구,전북",4900000,2025-03-14
주석(99.85%이상),"부산,인천,대구,전북",58530000,2025-03-14
주석(99.90%이상),"부산,인천,대구,전북",58600000,2025-03-14
니켈(합금용),"부산,인천,대구",29220000,2025-03-14
니켈(도금용),"부산,인천",29600000,2025-03-14
인듐(대여),인천,581491840,2025-03-14
알루미늄(서구산),"부산,인천,대구,대전, 전북",4720000,2025-03-13
알루미늄(비서구산),"부산,인천,대구,전북",4680000,2025-03-13
구리(99.99%이상),"부산,인천,대구,대전, 전북",15780000,2025-03-13
납(99.99%이상),"인천,대구,부산",3550000,2025-03-13
납(99.99%이상),전북,3460000,2025-03-13
아연,"부산,인천,대구,전북",4830000,2025-03-13
주석(99.85%이상),"부산,인천,대구,전북",54190000,2025-03-13
주석(99.90%이상),"부산,인천,대구,전북",54350000,2025-03-13
니켈(합금용),"부산,인천,대구",29380000,2025-03-13
니켈(도금용),"부산,인천",29750000,2025-03-13
인듐(대여),인천,581491840,2025-03-13
알루미늄(서구산),"부산,인천,대구,대전, 전북",4750000,2025-03-12
알루미늄(비서구산),"부산,인천,대구,전북",4710000,2025-03-12
구리(99.99%이상),"부산,인천,대구,대전, 전북",15680000,2025-03-12
납(99.99%이상),"인천,대구,부산",3510000,2025-03-12
납(99.99%이상),전북,3430000,2025-03-12
아연,"부산,인천,대구,전북",4830000,2025-03-12
주석(99.85%이상),"부산,인천,대구,전북",53960000,2025-03-12
주석(99.90%이상),"부산,인천,대구,전북",54120000,2025-03-12
니켈(합금용),"부산,인천,대구",29290000,2025-03-12
니켈(도금용),"부산,인천",29670000,2025-03-12
인듐(대여),인천,581491840,2025-03-12
알루미늄(서구산),"부산,인천,대구,대전, 전북",4710000,2025-03-11
알루미늄(비서구산),"부산,인천,대구,전북",4670000,2025-03-11
구리(99.99%이상),"부산,인천,대구,대전, 전북",15410000,2025-03-11
납(99.99%이상),"인천,대구,부산",3490000,2025-03-11
납(99.99%이상),전북,3400000,2025-03-11
아연,"부산,인천,대구,전북",4710000,2025-03-11
주석(99.85%이상),"부산,인천,대구,전북",52920000,2025-03-11
주석(99.90%이상),"부산,인천,대구,전북",53080000,2025-03-11
니켈(합금용),"부산,인천,대구",29270000,2025-03-11
니켈(도금용),"부산,인천",29640000,2025-03-11
인듐(대여),인천,581491840,2025-03-11
알루미늄(서구산),"부산,인천,대구,대전, 전북",4710000,2025-03-10
알루미늄(비서구산),"부산,인천,대구,전북",4670000,2025-03-10
구리(99.99%이상),"부산,인천,대구,대전, 전북",15510000,2025-03-10
납(99.99%이상),"인천,대구,부산",3430000,2025-03-10
납(99.99%이상),전북,3340000,2025-03-10
아연,"부산,인천,대구,전북",4740000,2025-03-10
주석(99.85%이상),"부산,인천,대구,전북",52530000,2025-03-10
주석(99.90%이상),"부산,인천,대구,전북",52690000,2025-03-10
니켈(합금용),"부산,인천,대구",29090000,2025-03-10
니켈(도금용),"부산,인천",29460000,2025-03-10
인듐(대여),인천,581491840,2025-03-10
알루미늄(서구산),"부산,인천,대구,대전, 전북",4680000,2025-03-07
알루미늄(비서구산),"부산,인천,대구,전북",4640000,2025-03-07
구리(99.99%이상),"부산,인천,대구,대전, 전북",15680000,2025-03-07
납(99.99%이상),"인천,대구,부산",3460000,2025-03-07
납(99.99%이상),전북,3380000,2025-03-07
아연,"부산,인천,대구,전북",4800000,2025-03-07
주석(99.85%이상),"부산,인천,대구,전북",52390000,2025-03-07
주석(99.90%이상),"부산,인천,대구,전북",52550000,2025-03-07
니켈(합금용),"부산,인천,대구",28670000,2025-03-07
니켈(도금용),"부산,인천",29040000,2025-03-07
인듐(대여),인천,560814570,2025-03-07
알루미늄(서구산),"부산,인천,대구,대전, 전북",4650000,2025-03-06
알루미늄(비서구산),"부산,인천,대구,전북",4610000,2025-03-06
구리(99.99%이상),"부산,인천,대구,대전, 전북",15560000,2025-03-06
납(99.99%이상),"인천,대구,부산",3470000,2025-03-06
납(99.99%이상),전북,3380000,2025-03-06
아연,"부산,인천,대구,전북",4760000,2025-03-06
주석(99.85%이상),"부산,인천,대구,전북",51340000,2025-03-06
주석(99.90%이상),"부산,인천,대구,전북",51500000,2025-03-06
니켈(합금용),"부산,인천,대구",28270000,2025-03-06
니켈(도금용),"부산,인천",28640000,2025-03-06
인듐(대여),인천,560814570,2025-03-06
알루미늄(서구산),"부산,인천,대구,대전, 전북",4610000,2025-03-05
알루미늄(비서구산),"부산,인천,대구,전북",4570000,2025-03-05
구리(99.99%이상),"부산,인천,대구,대전, 전북",15220000,2025-03-05
납(99.99%이상),"인천,대구,부산",3450000,2025-03-05
납(99.99%이상),전북,3360000,2025-03-05
아연,"부산,인천,대구,전북",4670000,2025-03-05
주석(99.85%이상),"부산,인천,대구,전북",51380000,2025-03-05
주석(99.90%이상),"부산,인천,대구,전북",51540000,2025-03-05
니켈(합금용),"부산,인천,대구",28570000,2025-03-05
니켈(도금용),"부산,인천",28950000,2025-03-05
인듐(대여),인천,560814570,2025-03-05
알루미늄(서구산),"부산,인천,대구,대전, 전북",4610000,2025-03-04
구리(99.99%이상),"부산,인천,대구,대전, 전북",15340000,2025-03-04
납(99.99%이상),"인천,대구,부산",3410000,2025-03-04
납(99.99%이상),전북,3330000,2025-03-04
아연,"부산,인천,대구,전북",4730000,2025-03-04
주석(99.85%이상),"부산,인천,대구,전북",51420000,2025-03-04
주석(99.90%이상),"부산,인천,대구,전북",51580000,2025-03-04
니켈(합금용),"부산,인천,대구",28500000,2025-03-04
니켈(도금용),"부산,인천",28880000,2025-03-04
인듐(대여),인천,560814570,2025-03-04
알루미늄(서구산),"부산,인천,대구,대전, 전북",4540000,2025-02-28
구리(99.99%이상),"부산,인천,대구,대전, 전북",15150000,2025-02-28
납(99.99%이상),"인천,대구,부산",3380000,2025-02-28
납(99.99%이상),전북,3300000,2025-02-28
아연,"부산,인천,대구,전북",4610000,2025-02-28
주석(99.85%이상),"부산,인천,대구,전북",51180000,2025-02-28
주석(99.90%이상),"부산,인천,대구,전북",51210000,2025-02-28
니켈(합금용),"부산,인천,대구",28010000,2025-02-28
니켈(도금용),"부산,인천",28230000,2025-02-28
인듐(대여),인천,560697690,2025-02-28
알루미늄(서구산),"부산,인천,대구,대전, 전북",4500000,2025-02-27
알루미늄(비서구산),"부산,인천,대구,전북",4470000,2025-02-27
구리(99.99%이상),"부산,인천,대구,대전, 전북",15150000,2025-02-27
납(99.99%이상),"인천,대구,부산",3350000,2025-02-27
납(99.99%이상),전북,3270000,2025-02-27
아연,"부산,인천,대구,전북",4580000,2025-02-27
주석(99.85%이상),"부산,인천,대구,전북",52100000,2025-02-27
주석(99.90%이상),"부산,인천,대구,전북",52130000,2025-02-27
니켈(합금용),"부산,인천,대구",27380000,2025-02-27
니켈(도금용),"부산,인천",27610000,2025-02-27
인듐(대여),인천,560697690,2025-02-27
알루미늄(서구산),"부산,인천,대구,대전, 전북",4500000,2025-02-26
알루미늄(비서구산),"부산,인천,대구,전북",4480000,2025-02-26
구리(99.99%이상),"부산,인천,대구,대전, 전북",14990000,2025-02-26
납(99.99%이상),"인천,대구,부산",3330000,2025-02-26
납(99.99%이상),전북,3250000,2025-02-26
아연,"부산,인천,대구,전북",4560000,2025-02-26
주석(99.85%이상),"부산,인천,대구,전북",52620000,2025-02-26
주석(99.90%이상),"부산,인천,대구,전북",52650000,2025-02-26
니켈(합금용),"부산,인천,대구",26920000,2025-02-26
니켈(도금용),"부산,인천",27150000,2025-02-26
인듐(대여),인천,560697690,2025-02-26
알루미늄(서구산),"부산,인천,대구,대전, 전북",4520000,2025-02-25
구리(99.99%이상),"부산,인천,대구,대전, 전북",15160000,2025-02-25
납(99.99%이상),"인천,대구,부산",3290000,2025-02-25
납(99.99%이상),전북,3210000,2025-02-25
아연,"부산,인천,대구,전북",4610000,2025-02-25
주석(99.85%이상),"부산,인천,대구,전북",53200000,2025-02-25
주석(99.90%이상),"부산,인천,대구,전북",53230000,2025-02-25
니켈(합금용),"부산,인천,대구",27040000,2025-02-25
니켈(도금용),"부산,인천",27270000,2025-02-25
인듐(대여),인천,560697690,2025-02-25
알루미늄(서구산),"부산,인천,대구,대전, 전북",4580000,2025-02-24
구리(99.99%이상),"부산,인천,대구,대전, 전북",15270000,2025-02-24
납(99.99%이상),"인천,대구,부산",3340000,2025-02-24
납(99.99%이상),전북,3260000,2025-02-24
아연,"부산,인천,대구,전북",4770000,2025-02-24
주석(99.85%이상),"부산,인천,대구,전북",54080000,2025-02-24
주석(99.90%이상),"부산,인천,대구,전북",54110000,2025-02-24
니켈(합금용),"부산,인천,대구",27280000,2025-02-24
니켈(도금용),"부산,인천",27510000,2025-02-24
인듐(대여),인천,560697690,2025-02-24
알루미늄(서구산),"부산,인천,대구,대전, 전북",4660000,2025-02-21
구리(99.99%이상),"부산,인천,대구,대전, 전북",15330000,2025-02-21
납(99.99%이상),"인천,대구,부산",3310000,2025-02-21
납(99.99%이상),전북,3230000,2025-02-21
아연,"부산,인천,대구,전북",4760000,2025-02-21
주석(99.85%이상),"부산,인천,대구,전북",53710000,2025-02-21
주석(99.90%이상),"부산,인천,대구,전북",53750000,2025-02-21
니켈(합금용),"부산,인천,대구",27580000,2025-02-21
니켈(도금용),"부산,인천",27810000,2025-02-21
인듐(대여),인천,564749420,2025-02-21
알루미늄(서구산),"부산,인천,대구,대전, 전북",4600000,2025-02-20
알루미늄(비서구산),"부산,인천,대구,전북",4580000,2025-02-20
구리(99.99%이상),"부산,인천,대구,대전, 전북",15170000,2025-02-20
납(99.99%이상),"인천,대구,부산",3330000,2025-02-20
납(99.99%이상),전북,3240000,2025-02-20
아연,"부산,인천,대구,전북",4690000,2025-02-20
주석(99.85%이상),"부산,인천,대구,전북",52620000,2025-02-20
주석(99.90%이상),"부산,인천,대구,전북",52660000,2025-02-20
니켈(합금용),"부산,인천,대구",27170000,2025-02-20
니켈(도금용),"부산,인천",27400000,2025-02-20
인듐(대여),인천,564749420,2025-02-20
알루미늄(서구산),"부산,인천,대구,대전, 전북",4600000,2025-02-19
알루미늄(비서구산),"부산,인천,대구,전북",4570000,2025-02-19
구리(99.99%이상),"부산,인천,대구,대전, 전북",15190000,2025-02-19
납(99.99%이상),"인천,대구,부산",3340000,2025-02-19
납(99.99%이상),전북,3250000,2025-02-19
아연,"부산,인천,대구,전북",4720000,2025-02-19
주석(99.85%이상),"부산,인천,대구,전북",52880000,2025-02-19
주석(99.90%이상),"부산,인천,대구,전북",52910000,2025-02-19
니켈(합금용),"부산,인천,대구",27180000,2025-02-19
니켈(도금용),"부산,인천",27410000,2025-02-19
인듐(대여),인천,564749420,2025-02-19
알루미늄(서구산),"부산,인천,대구,대전, 전북",4590000,2025-02-18
구리(99.99%이상),"부산,인천,대구,대전, 전북",15040000,2025-02-18
납(99.99%이상),"인천,대구,부산",3330000,2025-02-18
납(99.99%이상),전북,3240000,2025-02-18
아연,"부산,인천,대구,전북",4690000,2025-02-18
주석(99.85%이상),"부산,인천,대구,전북",52610000,2025-02-18
주석(99.90%이상),"부산,인천,대구,전북",52640000,2025-02-18
니켈(합금용),"부산,인천,대구",27380000,2025-02-18
니켈(도금용),"부산,인천",27610000,2025-02-18
인듐(대여),인천,564749420,2025-02-18
알루미늄(서구산),"부산,인천,대구,대전, 전북",4560000,2025-02-17
구리(99.99%이상),"부산,인천,대구,대전, 전북",15330000,2025-02-17
납(99.99%이상),"인천,대구,부산",3320000,2025-02-17
납(99.99%이상),전북,3240000,2025-02-17
아연,"부산,인천,대구,전북",4650000,2025-02-17
주석(99.85%이상),"부산,인천,대구,전북",52860000,2025-02-17
주석(99.90%이상),"부산,인천,대구,전북",52890000,2025-02-17
니켈(합금용),"부산,인천,대구",27380000,2025-02-17
니켈(도금용),"부산,인천",27610000,2025-02-17
인듐(대여),인천,564749420,2025-02-17
알루미늄(서구산),"부산,인천,대구,대전, 전북",4500000,2025-02-14
알루미늄(비서구산),"부산,인천,대구,전북",4470000,2025-02-14
구리(99.99%이상),"부산,인천,대구,대전, 전북",15280000,2025-02-14
납(99.99%이상),"인천,대구,부산",3330000,2025-02-14
납(99.99%이상),전북,3250000,2025-02-14
아연,"부산,인천,대구,전북",4660000,2025-02-14
주석(99.85%이상),"부산,인천,대구,전북",51790000,2025-02-14
주석(99.90%이상),"부산,인천,대구,전북",51820000,2025-02-14
니켈(합금용),"부산,인천,대구",27300000,2025-02-14
니켈(도금용),"부산,인천",27540000,2025-02-14
인듐(대여),인천,558428670,2025-02-14
알루미늄(서구산),"부산,인천,대구,대전, 전북",4540000,2025-02-13
알루미늄(비서구산),"부산,인천,대구,전북",4510000,2025-02-13
구리(99.99%이상),"부산,인천,대구,대전, 전북",15200000,2025-02-13
납(99.99%이상),"인천,대구,부산",3320000,2025-02-13
납(99.99%이상),전북,3240000,2025-02-13
아연,"부산,인천,대구,전북",4700000,2025-02-13
주석(99.85%이상),"부산,인천,대구,전북",51310000,2025-02-13
주석(99.90%이상),"부산,인천,대구,전북",51340000,2025-02-13
니켈(합금용),"부산,인천,대구",27470000,2025-02-13
니켈(도금용),"부산,인천",27700000,2025-02-13
인듐(대여),인천,558428670,2025-02-13
알루미늄(서구산),"부산,인천,대구,대전, 전북",4560000,2025-02-12
알루미늄(비서구산),"부산,인천,대구,전북",4540000,2025-02-12
구리(99.99%이상),"부산,인천,대구,대전, 전북",15020000,2025-02-12
납(99.99%이상),"인천,대구,부산",3330000,2025-02-12
납(99.99%이상),전북,3250000,2025-02-12
아연,"부산,인천,대구,전북",4630000,2025-02-12
주석(99.85%이상),"부산,인천,대구,전북",50550000,2025-02-12
주석(99.90%이상),"부산,인천,대구,전북",50580000,2025-02-12
니켈(합금용),"부산,인천,대구",27640000,2025-02-12
니켈(도금용),"부산,인천",27870000,2025-02-12
인듐(대여),인천,558428670,2025-02-12
알루미늄(서구산),"부산,인천,대구,대전, 전북",4590000,2025-02-11
알루미늄(비서구산),"부산,인천,대구,전북",4560000,2025-02-11
구리(99.99%이상),"부산,인천,대구,대전, 전북",15150000,2025-02-11
납(99.99%이상),"인천,대구,부산",3360000,2025-02-11
납(99.99%이상),전북,3280000,2025-02-11
아연,"부산,인천,대구,전북",4670000,2025-02-11
주석(99.85%이상),"부산,인천,대구,전북",50570000,2025-02-11
주석(99.90%이상),"부산,인천,대구,전북",50600000,2025-02-11
니켈(합금용),"부산,인천,대구",27590000,2025-02-11
니켈(도금용),"부산,인천",27820000,2025-02-11
인듐(대여),인천,558428670,2025-02-11
알루미늄(서구산),"부산,인천,대구,대전, 전북",4530000,2025-02-10
알루미늄(비서구산),"부산,인천,대구,전북",4500000,2025-02-10
구리(99.99%이상),"부산,인천,대구,대전, 전북",15050000,2025-02-10
납(99.99%이상),"인천,대구,부산",3350000,2025-02-10
납(99.99%이상),전북,3260000,2025-02-10
아연,"부산,인천,대구,전북",4650000,2025-02-10
주석(99.85%이상),"부산,인천,대구,전북",50380000,2025-02-10
주석(99.90%이상),"부산,인천,대구,전북",50420000,2025-02-10
니켈(합금용),"부산,인천,대구",27910000,2025-02-10
니켈(도금용),"부산,인천",28140000,2025-02-10
인듐(대여),인천,558428670,2025-02-10
알루미늄(서구산),"부산,인천,대구,대전, 전북",4510000,2025-02-07
알루미늄(비서구산),"부산,인천,대구,전북",4490000,2025-02-07
구리(99.99%이상),"부산,인천,대구,대전, 전북",14840000,2025-02-07
납(99.99%이상),"인천,대구,부산",3350000,2025-02-07
납(99.99%이상),전북,3260000,2025-02-07
아연,"부산,인천,대구,전북",4610000,2025-02-07
주석(99.85%이상),"부산,인천,대구,전북",50230000,2025-02-07
주석(99.90%이상),"부산,인천,대구,전북",50270000,2025-02-07
니켈(합금용),"부산,인천,대구",27990000,2025-02-07
니켈(도금용),"부산,인천",28230000,2025-02-07
인듐(대여),인천,549710430,2025-02-07
알루미늄(서구산),"부산,인천,대구,대전, 전북",4490000,2025-02-06
알루미늄(비서구산),"부산,인천,대구,전북",4460000,2025-02-06
구리(99.99%이상),"부산,인천,대구,대전, 전북",14740000,2025-02-06
납(99.99%이상),"인천,대구,부산",3360000,2025-02-06
납(99.99%이상),전북,3270000,2025-02-06
아연,"부산,인천,대구,전북",4530000,2025-02-06
주석(99.85%이상),"부산,인천,대구,전북",49810000,2025-02-06
주석(99.90%이상),"부산,인천,대구,전북",49850000,2025-02-06
니켈(합금용),"부산,인천,대구",27480000,2025-02-06
니켈(도금용),"부산,인천",27710000,2025-02-06
인듐(대여),인천,549710430,2025-02-06
알루미늄(서구산),"부산,인천,대구,대전, 전북",4600000,2025-02-05
알루미늄(비서구산),"부산,인천,대구,전북",4570000,2025-02-05
구리(99.99%이상),"부산,인천,대구,대전, 전북",14780000,2025-02-05
납(99.99%이상),"인천,대구,부산",3340000,2025-02-05
납(99.99%이상),전북,3260000,2025-02-05
아연,"부산,인천,대구,전북",4640000,2025-02-05
주석(99.85%이상),"부산,인천,대구,전북",49590000,2025-02-05
주석(99.90%이상),"부산,인천,대구,전북",49620000,2025-02-05
니켈(합금용),"부산,인천,대구",27410000,2025-02-05
니켈(도금용),"부산,인천",27650000,2025-02-05
인듐(대여),인천,549710430,2025-02-05
알루미늄(서구산),"부산,인천,대구,대전, 전북",4580000,2025-02-04
알루미늄(비서구산),"부산,인천,대구,전북",4550000,2025-02-04
구리(99.99%이상),"부산,인천,대구,대전, 전북",14750000,2025-02-04
납(99.99%이상),"인천,대구,부산",3310000,2025-02-04
납(99.99%이상),전북,3220000,2025-02-04
아연,"부산,인천,대구,전북",4640000,2025-02-04
주석(99.85%이상),"부산,인천,대구,전북",49140000,2025-02-04
주석(99.90%이상),"부산,인천,대구,전북",49180000,2025-02-04
니켈(합금용),"부산,인천,대구",27400000,2025-02-04
니켈(도금용),"부산,인천",27640000,2025-02-04
인듐(대여),인천,549710430,2025-02-04
알루미늄(서구산),"부산,인천,대구,대전, 전북",4480000,2025-02-03
알루미늄(비서구산),"부산,인천,대구,전북",4450000,2025-02-03
구리(99.99%이상),"부산,인천,대구,대전, 전북",14530000,2025-02-03
납(99.99%이상),"인천,대구,부산",3290000,2025-02-03
납(99.99%이상),전북,3200000,2025-02-03
아연,"부산,인천,대구,전북",4500000,2025-02-03
주석(99.85%이상),"부산,인천,대구,전북",48920000,2025-02-03
주석(99.90%이상),"부산,인천,대구,전북",48950000,2025-02-03
니켈(합금용),"부산,인천,대구",27140000,2025-02-03
니켈(도금용),"부산,인천",27380000,2025-02-03
인듐(대여),인천,549710430,2025-02-03
알루미늄(서구산),"부산,인천,대구,대전, 전북",4420000,2025-01-31
알루미늄(비서구산),"부산,인천,대구,전북",4420000,2025-01-31
구리(99.99%이상),"부산,인천,대구,대전, 전북",14440000,2025-01-31
납(99.99%이상),"인천,대구,부산",3270000,2025-01-31
납(99.99%이상),전북,3180000,2025-01-31
아연,"부산,인천,대구,전북",4520000,2025-01-31
주석(99.85%이상),"부산,인천,대구,전북",48430000,2025-01-31
주석(99.90%이상),"부산,인천,대구,전북",48460000,2025-01-31
니켈(합금용),"부산,인천,대구",27020000,2025-01-31
니켈(도금용),"부산,인천",27260000,2025-01-31
인듐(대여),인천,552859750,2025-01-31
알루미늄(서구산),"부산,인천,대구,대전, 전북",4420000,2025-01-24
알루미늄(비서구산),"부산,인천,대구,전북",4420000,2025-01-24
구리(99.99%이상),"부산,인천,대구,대전, 전북",14680000,2025-01-24
납(99.99%이상),"인천,대구,부산",3250000,2025-01-24
납(99.99%이상),전북,3160000,2025-01-24
아연,"부산,인천,대구,전북",4630000,2025-01-24
주석(99.85%이상),"부산,인천,대구,전북",48050000,2025-01-24
주석(99.90%이상),"부산,인천,대구,전북",48080000,2025-01-24
니켈(합금용),"부산,인천,대구",27580000,2025-01-24
니켈(도금용),"부산,인천",27810000,2025-01-24
인듐(대여),인천,561501180,2025-01-24
알루미늄(서구산),"부산,인천,대구,대전, 전북",4420000,2025-01-23
알루미늄(비서구산),"부산,인천,대구,전북",4420000,2025-01-23
구리(99.99%이상),"부산,인천,대구,대전, 전북",14660000,2025-01-23
납(99.99%이상),"인천,대구,부산",3280000,2025-01-23
납(99.99%이상),전북,3200000,2025-01-23
아연,"부산,인천,대구,전북",4720000,2025-01-23
주석(99.85%이상),"부산,인천,대구,전북",48630000,2025-01-23
주석(99.90%이상),"부산,인천,대구,전북",48670000,2025-01-23
니켈(합금용),"부산,인천,대구",27650000,2025-01-23
니켈(도금용),"부산,인천",27880000,2025-01-23
인듐(대여),인천,561501180,2025-01-23
알루미늄(서구산),"부산,인천,대구,대전, 전북",4450000,2025-01-22
알루미늄(비서구산),"부산,인천,대구,전북",4450000,2025-01-22
구리(99.99%이상),"부산,인천,대구,대전, 전북",14780000,2025-01-22
납(99.99%이상),"인천,대구,부산",3290000,2025-01-22
납(99.99%이상),전북,3210000,2025-01-22
아연,"부산,인천,대구,전북",4750000,2025-01-22
주석(99.85%이상),"부산,인천,대구,전북",48640000,2025-01-22
주석(99.90%이상),"부산,인천,대구,전북",48670000,2025-01-22
니켈(합금용),"부산,인천,대구",28250000,2025-01-22
니켈(도금용),"부산,인천",28470000,2025-01-22
인듐(대여),인천,561501180,2025-01-22
알루미늄(서구산),"부산,인천,대구,대전, 전북",4580000,2025-01-21
알루미늄(비서구산),"부산,인천,대구,전북",4570000,2025-01-21
구리(99.99%이상),"부산,인천,대구,대전, 전북",14900000,2025-01-21
납(99.99%이상),"인천,대구,부산",3340000,2025-01-21
납(99.99%이상),전북,3260000,2025-01-21
아연,"부산,인천,대구,전북",4870000,2025-01-21
주석(99.85%이상),"부산,인천,대구,전북",49230000,2025-01-21
주석(99.90%이상),"부산,인천,대구,전북",49270000,2025-01-21
니켈(합금용),"부산,인천,대구",28530000,2025-01-21
니켈(도금용),"부산,인천",28760000,2025-01-21
인듐(대여),인천,561501180,2025-01-21
알루미늄(서구산),"부산,인천,대구,대전, 전북",4580000,2025-01-20
알루미늄(비서구산),"부산,인천,대구,전북",4580000,2025-01-20
구리(99.99%이상),"부산,인천,대구,대전, 전북",14830000,2025-01-20
납(99.99%이상),"인천,대구,부산",3340000,2025-01-20
납(99.99%이상),전북,3260000,2025-01-20
아연,"부산,인천,대구,전북",4860000,2025-01-20
주석(99.85%이상),"부산,인천,대구,전북",48480000,2025-01-20
주석(99.90%이상),"부산,인천,대구,전북",48510000,2025-01-20
니켈(합금용),"부산,인천,대구",28670000,2025-01-20
니켈(도금용),"부산,인천",28900000,2025-01-20
인듐(대여),인천,561501180,2025-01-20
알루미늄(서구산),"부산,인천,대구,대전, 전북",4500000,2025-01-17
알루미늄(비서구산),"부산,인천,대구,전북",4500000,2025-01-17
구리(99.99%이상),"부산,인천,대구,대전, 전북",14880000,2025-01-17
납(99.99%이상),"인천,대구,부산",3340000,2025-01-17
납(99.99%이상),전북,3260000,2025-01-17
아연,"부산,인천,대구,전북",4750000,2025-01-17
주석(99.85%이상),"부산,인천,대구,전북",48030000,2025-01-17
주석(99.90%이상),"부산,인천,대구,전북",48060000,2025-01-17
니켈(합금용),"부산,인천,대구",28430000,2025-01-17
니켈(도금용),"부산,인천",28660000,2025-01-17
인듐(대여),인천,575531450,2025-01-17
알루미늄(서구산),"부산,인천,대구,대전, 전북",4450000,2025-01-16
알루미늄(비서구산),"부산,인천,대구,전북",4450000,2025-01-16
구리(99.99%이상),"부산,인천,대구,대전, 전북",14820000,2025-01-16
납(99.99%이상),"인천,대구,부산",3290000,2025-01-16
납(99.99%이상),전북,3210000,2025-01-16
아연,"부산,인천,대구,전북",4740000,2025-01-16
주석(99.85%이상),"부산,인천,대구,전북",48190000,2025-01-16
주석(99.90%이상),"부산,인천,대구,전북",48220000,2025-01-16
니켈(합금용),"부산,인천,대구",28310000,2025-01-16
니켈(도금용),"부산,인천",28540000,2025-01-16
인듐(대여),인천,575531450,2025-01-16
알루미늄(서구산),"부산,인천,대구,대전, 전북",4380000,2025-01-15
알루미늄(비서구산),"부산,인천,대구,전북",4380000,2025-01-15
구리(99.99%이상),"부산,인천,대구,대전, 전북",14810000,2025-01-15
납(99.99%이상),"인천,대구,부산",3350000,2025-01-15
납(99.99%이상),전북,3260000,2025-01-15
아연,"부산,인천,대구,전북",4740000,2025-01-15
주석(99.85%이상),"부산,인천,대구,전북",48550000,2025-01-15
주석(99.90%이상),"부산,인천,대구,전북",48590000,2025-01-15
니켈(합금용),"부산,인천,대구",28520000,2025-01-15
니켈(도금용),"부산,인천",28750000,2025-01-15
인듐(대여),인천,575531450,2025-01-15
알루미늄(서구산),"부산,인천,대구,대전, 전북",4440000,2025-01-14
알루미늄(비서구산),"부산,인천,대구,전북",4440000,2025-01-14
구리(99.99%이상),"부산,인천,대구,대전, 전북",14790000,2025-01-14
납(99.99%이상),"인천,대구,부산",3360000,2025-01-14
납(99.99%이상),전북,3280000,2025-01-14
아연,"부산,인천,대구,전북",4770000,2025-01-14
주석(99.85%이상),"부산,인천,대구,전북",48990000,2025-01-14
주석(99.90%이상),"부산,인천,대구,전북",49020000,2025-01-14
니켈(합금용),"부산,인천,대구",28570000,2025-01-14
니켈(도금용),"부산,인천",28810000,2025-01-14
알루미늄(서구산),"부산,인천,대구,대전, 전북",4420000,2025-01-13
알루미늄(비서구산),"부산,인천,대구,전북",4410000,2025-01-13
구리(99.99%이상),"부산,인천,대구,대전, 전북",14760000,2025-01-13
납(99.99%이상),"인천,대구,부산",3380000,2025-01-13
납(99.99%이상),전북,3300000,2025-01-13
아연,"부산,인천,대구,전북",4770000,2025-01-13
주석(99.85%이상),"부산,인천,대구,전북",48880000,2025-01-13
주석(99.90%이상),"부산,인천,대구,전북",48910000,2025-01-13
니켈(합금용),"부산,인천,대구",28100000,2025-01-13
니켈(도금용),"부산,인천",28330000,2025-01-13
