물품순번,물품명,판매지방청명,판매금액,판매한도수량값,판매종료일자
1,알루미늄(서구산),"부산,인천,대구,대전, 전북",4380000,통합60톤/주,2025-09-26
2,알루미늄(비서구산),"부산,인천,대구,전북",4370000,통합60톤/주,2025-09-26
3,구리(99.99%이상),"부산,인천,대구,대전, 전북",16100000,60톤/주 ,2025-09-26
4,납(99.99%이상),"인천,대구",3280000,240톤/주 ,2025-09-26
5,납(99.99%이상),전북,3200000,240톤/주 ,2025-09-26
6,납(99.99%이상),부산,3320000,240톤/주 ,2025-09-26
7,아연,"부산,인천,대구,전북",4880000,18톤/주 ,2025-09-26
8,주석(99.85%이상),"부산,인천,대구,전북",54080000,7톤/주 ,2025-09-26
9,주석(99.90%이상),"부산,인천,대구,전북",54240000,5톤/주 ,2025-09-26
10,니켈(합금용),"부산,인천,대구",25170000,6톤/주 ,2025-09-26
11,니켈(도금용),"부산,인천",25560000,4톤/주,2025-09-26
1,알루미늄(서구산),"부산,인천,대구,대전, 전북",4360000,통합60톤/주,2025-09-25
2,알루미늄(비서구산),"부산,인천,대구,전북",4350000,통합60톤/주,2025-09-25
3,구리(99.99%이상),"부산,인천,대구,대전, 전북",16190000,60톤/주 ,2025-09-25
4,납(99.99%이상),"인천,대구",3250000,240톤/주 ,2025-09-25
5,납(99.99%이상),전북,3170000,240톤/주 ,2025-09-25
6,납(99.99%이상),부산,3280000,240톤/주 ,2025-09-25
7,아연,"부산,인천,대구,전북",4900000,18톤/주 ,2025-09-25
8,주석(99.85%이상),"부산,인천,대구,전북",53690000,7톤/주 ,2025-09-25
9,주석(99.90%이상),"부산,인천,대구,전북",53850000,5톤/주 ,2025-09-25
10,니켈(합금용),"부산,인천,대구",25320000,6톤/주 ,2025-09-25
11,니켈(도금용),"부산,인천",25710000,4톤/주,2025-09-25
1,알루미늄(서구산),"부산,인천,대구,대전, 전북",4330000,통합60톤/주,2025-09-24
2,알루미늄(비서구산),"부산,인천,대구,전북",4320000,통합60톤/주,2025-09-24
3,구리(99.99%이상),"부산,인천,대구,대전, 전북",15510000,60톤/주 ,2025-09-24
4,납(99.99%이상),"인천,대구",3240000,240톤/주 ,2025-09-24
5,납(99.99%이상),전북,3160000,240톤/주 ,2025-09-24
6,납(99.99%이상),부산,3270000,240톤/주 ,2025-09-24
7,아연,"부산,인천,대구,전북",4780000,18톤/주 ,2025-09-24
8,주석(99.85%이상),"부산,인천,대구,전북",53490000,7톤/주 ,2025-09-24
9,주석(99.90%이상),"부산,인천,대구,전북",53640000,5톤/주 ,2025-09-24
10,니켈(합금용),"부산,인천,대구",25140000,6톤/주 ,2025-09-24
11,니켈(도금용),"부산,인천",25530000,4톤/주,2025-09-24
1,알루미늄(서구산),"부산,인천,대구,대전, 전북",4350000,통합60톤/주,2025-09-23
2,알루미늄(비서구산),"부산,인천,대구,전북",4340000,통합60톤/주,2025-09-23
3,구리(99.99%이상),"부산,인천,대구,대전, 전북",15510000,60톤/주 ,2025-09-23
4,납(99.99%이상),"인천,대구",3230000,240톤/주 ,2025-09-23
5,납(99.99%이상),전북,3150000,240톤/주 ,2025-09-23
6,납(99.99%이상),부산,3260000,240톤/주 ,2025-09-23
7,아연,"부산,인천,대구,전북",4790000,18톤/주 ,2025-09-23
8,주석(99.85%이상),"부산,인천,대구,전북",53020000,7톤/주 ,2025-09-23
9,주석(99.90%이상),"부산,인천,대구,전북",53180000,5톤/주 ,2025-09-23
10,니켈(합금용),"부산,인천,대구",24920000,6톤/주 ,2025-09-23
11,니켈(도금용),"부산,인천",25300000,4톤/주,2025-09-23
1,알루미늄(서구산),"부산,인천,대구,대전, 전북",4390000,통합60톤/주,2025-09-22
2,알루미늄(비서구산),"부산,인천,대구,전북",4380000,통합60톤/주,2025-09-22
3,구리(99.99%이상),"부산,인천,대구,대전, 전북",15560000,60톤/주 ,2025-09-22
4,납(99.99%이상),"인천,대구",3230000,240톤/주 ,2025-09-22
5,납(99.99%이상),전북,3150000,240톤/주 ,2025-09-22
6,납(99.99%이상),부산,3260000,240톤/주 ,2025-09-22
7,아연,"부산,인천,대구,전북",4790000,18톤/주 ,2025-09-22
8,주석(99.85%이상),"부산,인천,대구,전북",53280000,7톤/주 ,2025-09-22
9,주석(99.90%이상),"부산,인천,대구,전북",53440000,5톤/주 ,2025-09-22
10,니켈(합금용),"부산,인천,대구",25020000,6톤/주 ,2025-09-22
11,니켈(도금용),"부산,인천",25410000,4톤/주,2025-09-22
1,알루미늄(서구산),"부산,인천,대구,대전, 전북",4400000,통합60톤/주,2025-09-19
2,알루미늄(비서구산),"부산,인천,대구,전북",4380000,통합60톤/주,2025-09-19
3,구리(99.99%이상),"부산,인천,대구,대전, 전북",15410000,60톤/주 ,2025-09-19
4,납(99.99%이상),"인천,대구",3230000,240톤/주 ,2025-09-19
5,납(99.99%이상),전북,3150000,240톤/주 ,2025-09-19
6,납(99.99%이상),부산,3260000,240톤/주 ,2025-09-19
7,아연,"부산,인천,대구,전북",4780000,18톤/주 ,2025-09-19
8,주석(99.85%이상),"부산,인천,대구,전북",52310000,7톤/주 ,2025-09-19
9,주석(99.90%이상),"부산,인천,대구,전북",52470000,5톤/주 ,2025-09-19
10,니켈(합금용),"부산,인천,대구",24920000,6톤/주 ,2025-09-19
11,니켈(도금용),"부산,인천",25310000,4톤/주,2025-09-19
1,알루미늄(서구산),"부산,인천,대구,대전, 전북",4360000,통합60톤/주,2025-09-18
2,알루미늄(비서구산),"부산,인천,대구,전북",4350000,통합60톤/주,2025-09-18
3,구리(99.99%이상),"부산,인천,대구,대전, 전북",15410000,60톤/주 ,2025-09-18
4,납(99.99%이상),"인천,대구",3220000,240톤/주 ,2025-09-18
5,납(99.99%이상),전북,3140000,240톤/주 ,2025-09-18
6,납(99.99%이상),부산,3250000,240톤/주 ,2025-09-18
7,아연,"부산,인천,대구,전북",4790000,18톤/주 ,2025-09-18
8,주석(99.85%이상),"부산,인천,대구,전북",52970000,7톤/주 ,2025-09-18
9,주석(99.90%이상),"부산,인천,대구,전북",53120000,5톤/주 ,2025-09-18
10,니켈(합금용),"부산,인천,대구",24970000,6톤/주 ,2025-09-18
11,니켈(도금용),"부산,인천",25350000,4톤/주,2025-09-18
1,알루미늄(서구산),"부산,인천,대구,대전, 전북",4430000,통합60톤/주,2025-09-17
2,알루미늄(비서구산),"부산,인천,대구,전북",4420000,통합60톤/주,2025-09-17
3,구리(99.99%이상),"부산,인천,대구,대전, 전북",15610000,60톤/주 ,2025-09-17
4,납(99.99%이상),"인천,대구",3210000,240톤/주 ,2025-09-17
5,납(99.99%이상),전북,3130000,240톤/주 ,2025-09-17
6,납(99.99%이상),부산,3240000,240톤/주 ,2025-09-17
7,아연,"부산,인천,대구,전북",4890000,18톤/주 ,2025-09-17
8,주석(99.85%이상),"부산,인천,대구,전북",53760000,7톤/주 ,2025-09-17
9,주석(99.90%이상),"부산,인천,대구,전북",53920000,5톤/주 ,2025-09-17
10,니켈(합금용),"부산,인천,대구",24990000,6톤/주 ,2025-09-17
11,니켈(도금용),"부산,인천",25370000,4톤/주,2025-09-17
1,알루미늄(서구산),"부산,인천,대구,대전, 전북",4420000,통합50톤/주,2025-09-16
2,알루미늄(비서구산),"부산,인천,대구,전북",4410000,통합50톤/주,2025-09-16
3,구리(99.99%이상),"부산,인천,대구,대전, 전북",15810000,50톤/주 ,2025-09-16
4,납(99.99%이상),"인천,대구",3220000,200톤/주 ,2025-09-16
5,납(99.99%이상),전북,3140000,200톤/주 ,2025-09-16
6,납(99.99%이상),부산,3250000,200톤/주 ,2025-09-16
7,아연,"부산,인천,대구,전북",4880000,15톤/주 ,2025-09-16
8,주석(99.85%이상),"부산,인천,대구,전북",53810000,6톤/주 ,2025-09-16
9,주석(99.90%이상),"부산,인천,대구,전북",53970000,4톤/주 ,2025-09-16
10,니켈(합금용),"부산,인천,대구",25190000,5톤/주 ,2025-09-16
11,니켈(도금용),"부산,인천",25570000,3톤/주,2025-09-16
1,알루미늄(서구산),"부산,인천,대구,대전, 전북",4410000,통합50톤/주,2025-09-15
2,알루미늄(비서구산),"부산,인천,대구,전북",4400000,통합50톤/주,2025-09-15
3,구리(99.99%이상),"부산,인천,대구,대전, 전북",15600000,50톤/주 ,2025-09-15
4,납(99.99%이상),"인천,대구",3250000,200톤/주 ,2025-09-15
5,납(99.99%이상),전북,3170000,200톤/주 ,2025-09-15
6,납(99.99%이상),부산,3290000,200톤/주 ,2025-09-15
7,아연,"부산,인천,대구,전북",4850000,15톤/주 ,2025-09-15
8,주석(99.85%이상),"부산,인천,대구,전북",54440000,6톤/주 ,2025-09-15
9,주석(99.90%이상),"부산,인천,대구,전북",54600000,4톤/주 ,2025-09-15
10,니켈(합금용),"부산,인천,대구",25120000,5톤/주 ,2025-09-15
11,니켈(도금용),"부산,인천",25510000,3톤/주,2025-09-15
1,알루미늄(서구산),"부산,인천,대구,대전, 전북",4400000,통합50톤/주,2025-09-12
2,알루미늄(비서구산),"부산,인천,대구,전북",4390000,통합50톤/주,2025-09-12
3,구리(99.99%이상),"부산,인천,대구,대전, 전북",15640000,50톤/주 ,2025-09-12
4,납(99.99%이상),"인천,대구",3230000,200톤/주 ,2025-09-12
5,납(99.99%이상),전북,3140000,200톤/주 ,2025-09-12
6,납(99.99%이상),부산,3260000,200톤/주 ,2025-09-12
7,아연,"부산,인천,대구,전북",4760000,15톤/주 ,2025-09-12
8,주석(99.85%이상),"부산,인천,대구,전북",54280000,6톤/주 ,2025-09-12
9,주석(99.90%이상),"부산,인천,대구,전북",54440000,4톤/주 ,2025-09-12
10,니켈(합금용),"부산,인천,대구",24820000,5톤/주 ,2025-09-12
11,니켈(도금용),"부산,인천",25200000,3톤/주,2025-09-12
1,알루미늄(서구산),"부산,인천,대구,대전, 전북",4300000,통합50톤/주,2025-09-11
2,알루미늄(비서구산),"부산,인천,대구,전북",4290000,통합50톤/주,2025-09-11
3,구리(99.99%이상),"부산,인천,대구,대전, 전북",15530000,50톤/주 ,2025-09-11
4,납(99.99%이상),"인천,대구",3200000,200톤/주 ,2025-09-11
5,납(99.99%이상),전북,3120000,200톤/주 ,2025-09-11
6,납(99.99%이상),부산,3230000,200톤/주 ,2025-09-11
7,아연,"부산,인천,대구,전북",4720000,15톤/주 ,2025-09-11
8,주석(99.85%이상),"부산,인천,대구,전북",53910000,6톤/주 ,2025-09-11
9,주석(99.90%이상),"부산,인천,대구,전북",54070000,4톤/주 ,2025-09-11
10,니켈(합금용),"부산,인천,대구",24700000,5톤/주 ,2025-09-11
11,니켈(도금용),"부산,인천",25080000,3톤/주,2025-09-11
1,알루미늄(서구산),"부산,인천,대구,대전, 전북",4300000,통합50톤/주,2025-09-10
2,알루미늄(비서구산),"부산,인천,대구,전북",4290000,통합50톤/주,2025-09-10
3,구리(99.99%이상),"부산,인천,대구,대전, 전북",15360000,50톤/주 ,2025-09-10
4,납(99.99%이상),"인천,대구",3180000,200톤/주 ,2025-09-10
5,납(99.99%이상),전북,3100000,200톤/주 ,2025-09-10
6,납(99.99%이상),부산,3210000,200톤/주 ,2025-09-10
7,아연,"부산,인천,대구,전북",4670000,15톤/주 ,2025-09-10
8,주석(99.85%이상),"부산,인천,대구,전북",53100000,6톤/주 ,2025-09-10
9,주석(99.90%이상),"부산,인천,대구,전북",53260000,4톤/주 ,2025-09-10
10,니켈(합금용),"부산,인천,대구",24650000,5톤/주 ,2025-09-10
11,니켈(도금용),"부산,인천",25040000,3톤/주,2025-09-10
1,알루미늄(서구산),"부산,인천,대구,대전, 전북",4300000,통합50톤/주,2025-09-09
2,알루미늄(비서구산),"부산,인천,대구,전북",4290000,통합50톤/주,2025-09-09
3,구리(99.99%이상),"부산,인천,대구,대전, 전북",15390000,50톤/주 ,2025-09-09
4,납(99.99%이상),"인천,대구",3220000,200톤/주 ,2025-09-09
5,납(99.99%이상),전북,3130000,200톤/주 ,2025-09-09
6,납(99.99%이상),부산,3250000,200톤/주 ,2025-09-09
7,아연,"부산,인천,대구,전북",4710000,15톤/주 ,2025-09-09
8,주석(99.85%이상),"부산,인천,대구,전북",53590000,6톤/주 ,2025-09-09
9,주석(99.90%이상),"부산,인천,대구,전북",53750000,4톤/주 ,2025-09-09
10,니켈(합금용),"부산,인천,대구",24900000,5톤/주 ,2025-09-09
11,니켈(도금용),"부산,인천",25280000,3톤/주,2025-09-09
1,알루미늄(서구산),"부산,인천,대구,대전, 전북",4270000,통합50톤/주,2025-09-08
2,알루미늄(비서구산),"부산,인천,대구,전북",4260000,통합50톤/주,2025-09-08
3,구리(99.99%이상),"부산,인천,대구,대전, 전북",15380000,50톤/주 ,2025-09-08
4,납(99.99%이상),"인천,대구",3210000,200톤/주 ,2025-09-08
5,납(99.99%이상),전북,3120000,200톤/주 ,2025-09-08
6,납(99.99%이상),부산,3240000,200톤/주 ,2025-09-08
7,아연,"부산,인천,대구,전북",4700000,15톤/주 ,2025-09-08
8,주석(99.85%이상),"부산,인천,대구,전북",53690000,6톤/주 ,2025-09-08
9,주석(99.90%이상),"부산,인천,대구,전북",53850000,4톤/주 ,2025-09-08
10,니켈(합금용),"부산,인천,대구",24920000,5톤/주 ,2025-09-08
11,니켈(도금용),"부산,인천",25300000,3톤/주,2025-09-08
1,알루미늄(서구산),"부산,인천,대구,대전, 전북",4260000,통합50톤/주,2025-09-05
2,알루미늄(비서구산),"부산,인천,대구,전북",4250000,통합50톤/주,2025-09-05
3,구리(99.99%이상),"부산,인천,대구,대전, 전북",15400000,50톤/주 ,2025-09-05
4,납(99.99%이상),"인천,대구",3210000,200톤/주 ,2025-09-05
5,납(99.99%이상),전북,3130000,200톤/주 ,2025-09-05
6,납(99.99%이상),부산,3240000,200톤/주 ,2025-09-05
7,아연,"부산,인천,대구,전북",4670000,15톤/주 ,2025-09-05
8,주석(99.85%이상),"부산,인천,대구,전북",54170000,6톤/주 ,2025-09-05
9,주석(99.90%이상),"부산,인천,대구,전북",54330000,4톤/주 ,2025-09-05
10,니켈(합금용),"부산,인천,대구",24950000,5톤/주 ,2025-09-05
11,니켈(도금용),"부산,인천",25340000,3톤/주,2025-09-05
1,알루미늄(서구산),"부산,인천,대구,대전, 전북",4310000,통합50톤/주,2025-09-04
2,알루미늄(비서구산),"부산,인천,대구,전북",4300000,통합50톤/주,2025-09-04
3,구리(99.99%이상),"부산,인천,대구,대전, 전북",15520000,50톤/주 ,2025-09-04
4,납(99.99%이상),"인천,대구",3230000,200톤/주 ,2025-09-04
5,납(99.99%이상),전북,3140000,200톤/주 ,2025-09-04
6,납(99.99%이상),부산,3260000,200톤/주 ,2025-09-04
7,아연,"부산,인천,대구,전북",4700000,15톤/주 ,2025-09-04
8,주석(99.85%이상),"부산,인천,대구,전북",54310000,6톤/주 ,2025-09-04
9,주석(99.90%이상),"부산,인천,대구,전북",54470000,4톤/주 ,2025-09-04
10,니켈(합금용),"부산,인천,대구",25040000,5톤/주 ,2025-09-04
11,니켈(도금용),"부산,인천",25420000,3톤/주,2025-09-04
1,알루미늄(서구산),"부산,인천,대구,대전, 전북",4310000,통합50톤/주,2025-09-03
2,알루미늄(비서구산),"부산,인천,대구,전북",4300000,통합50톤/주,2025-09-03
3,구리(99.99%이상),"부산,인천,대구,대전, 전북",15510000,50톤/주 ,2025-09-03
4,납(99.99%이상),"인천,대구",3220000,200톤/주 ,2025-09-03
5,납(99.99%이상),전북,3140000,200톤/주 ,2025-09-03
6,납(99.99%이상),부산,3250000,200톤/주 ,2025-09-03
7,아연,"부산,인천,대구,전북",4700000,15톤/주 ,2025-09-03
8,주석(99.85%이상),"부산,인천,대구,전북",54450000,6톤/주 ,2025-09-03
9,주석(99.90%이상),"부산,인천,대구,전북",54610000,4톤/주 ,2025-09-03
10,니켈(합금용),"부산,인천,대구",24910000,5톤/주 ,2025-09-03
11,니켈(도금용),"부산,인천",25290000,3톤/주,2025-09-03
1,알루미늄(서구산),"부산,인천,대구,대전, 전북",4300000,통합50톤/주,2025-09-02
2,알루미늄(비서구산),"부산,인천,대구,전북",4290000,통합50톤/주,2025-09-02
3,구리(99.99%이상),"부산,인천,대구,대전, 전북",15360000,50톤/주 ,2025-09-02
4,납(99.99%이상),"인천,대구",3240000,200톤/주 ,2025-09-02
5,납(99.99%이상),전북,3160000,200톤/주 ,2025-09-02
6,납(99.99%이상),부산,3270000,200톤/주 ,2025-09-02
7,아연,"부산,인천,대구,전북",4650000,15톤/주 ,2025-09-02
8,주석(99.85%이상),"부산,인천,대구,전북",54900000,6톤/주 ,2025-09-02
9,주석(99.90%이상),"부산,인천,대구,전북",55060000,4톤/주 ,2025-09-02
10,니켈(합금용),"부산,인천,대구",25280000,5톤/주 ,2025-09-02
11,니켈(도금용),"부산,인천",25660000,3톤/주,2025-09-02
1,알루미늄(서구산),"부산,인천,대구,대전, 전북",4290000,통합50톤/주,2025-09-01
2,알루미늄(비서구산),"부산,인천,대구,전북",4280000,통합50톤/주,2025-09-01
3,구리(99.99%이상),"부산,인천,대구,대전, 전북",15360000,50톤/주 ,2025-09-01
4,납(99.99%이상),"인천,대구",3220000,200톤/주 ,2025-09-01
5,납(99.99%이상),전북,3140000,200톤/주 ,2025-09-01
6,납(99.99%이상),부산,3250000,200톤/주 ,2025-09-01
7,아연,"부산,인천,대구,전북",4610000,15톤/주 ,2025-09-01
8,주석(99.85%이상),"부산,인천,대구,전북",54900000,6톤/주 ,2025-09-01
9,주석(99.90%이상),"부산,인천,대구,전북",55060000,4톤/주 ,2025-09-01
10,니켈(합금용),"부산,인천,대구",25200000,5톤/주 ,2025-09-01
11,니켈(도금용),"부산,인천",25580000,3톤/주,2025-09-01
1,알루미늄(서구산),"부산,인천,대구,대전, 전북",4270000,통합50톤/주,2025-08-29
2,알루미늄(비서구산),"부산,인천,대구,전북",4260000,통합50톤/주,2025-08-29
3,구리(99.99%이상),"부산,인천,대구,대전, 전북",15270000,50톤/주 ,2025-08-29
4,납(99.99%이상),"인천,대구",3200000,200톤/주 ,2025-08-29
5,납(99.99%이상),전북,3120000,200톤/주 ,2025-08-29
6,납(99.99%이상),부산,3230000,200톤/주 ,2025-08-29
7,아연,"부산,인천,대구,전북",4520000,15톤/주 ,2025-08-29
8,주석(99.85%이상),"부산,인천,대구,전북",54300000,6톤/주 ,2025-08-29
9,주석(99.90%이상),"부산,인천,대구,전북",54690000,4톤/주 ,2025-08-29
10,니켈(합금용),"부산,인천,대구",24910000,5톤/주 ,2025-08-29
11,니켈(도금용),"부산,인천",25290000,3톤/주,2025-08-29
1,알루미늄(서구산),"부산,인천,대구,대전, 전북",4290000,통합50톤/주,2025-08-28
2,알루미늄(비서구산),"부산,인천,대구,전북",4280000,통합50톤/주,2025-08-28
3,구리(99.99%이상),"부산,인천,대구,대전, 전북",15260000,50톤/주 ,2025-08-28
4,납(99.99%이상),"인천,대구,부산",3220000,200톤/주 ,2025-08-28
5,납(99.99%이상),전북,3140000,200톤/주 ,2025-08-28
6,아연,"부산,인천,대구,전북",4510000,15톤/주 ,2025-08-28
7,주석(99.85%이상),"부산,인천,대구,전북",54320000,6톤/주 ,2025-08-28
8,주석(99.90%이상),"부산,인천,대구,전북",54720000,4톤/주 ,2025-08-28
9,니켈(합금용),"부산,인천,대구",24840000,5톤/주 ,2025-08-28
10,니켈(도금용),"부산,인천",25230000,3톤/주,2025-08-28
1,알루미늄(서구산),"부산,인천,대구,대전, 전북",4340000,통합50톤/주,2025-08-27
2,알루미늄(비서구산),"부산,인천,대구,전북",4330000,통합50톤/주,2025-08-27
3,구리(99.99%이상),"부산,인천,대구,대전, 전북",15380000,50톤/주 ,2025-08-27
4,납(99.99%이상),"인천,대구,부산",3230000,200톤/주 ,2025-08-27
5,납(99.99%이상),전북,3150000,200톤/주 ,2025-08-27
6,아연,"부산,인천,대구,전북",4600000,15톤/주 ,2025-08-27
7,주석(99.85%이상),"부산,인천,대구,전북",53770000,6톤/주 ,2025-08-27
8,주석(99.90%이상),"부산,인천,대구,전북",54170000,4톤/주 ,2025-08-27
9,니켈(합금용),"부산,인천,대구",25080000,5톤/주 ,2025-08-27
10,니켈(도금용),"부산,인천",25460000,3톤/주,2025-08-27
1,알루미늄(서구산),"부산,인천,대구,대전, 전북",4280000,통합50톤/주,2025-08-26
2,알루미늄(비서구산),"부산,인천,대구,전북",4270000,통합50톤/주,2025-08-26
3,구리(99.99%이상),"부산,인천,대구,대전, 전북",15210000,50톤/주 ,2025-08-26
4,납(99.99%이상),"인천,대구,부산",3220000,200톤/주 ,2025-08-26
5,납(99.99%이상),전북,3140000,200톤/주 ,2025-08-26
6,아연,"부산,인천,대구,전북",4570000,15톤/주 ,2025-08-26
7,주석(99.85%이상),"부산,인천,대구,전북",52560000,6톤/주 ,2025-08-26
8,주석(99.90%이상),"부산,인천,대구,전북",52950000,4톤/주 ,2025-08-26
9,니켈(합금용),"부산,인천,대구",24610000,5톤/주 ,2025-08-26
10,니켈(도금용),"부산,인천",24990000,3톤/주,2025-08-26
1,알루미늄(서구산),"부산,인천,대구,대전, 전북",4310000,통합50톤/주,2025-08-25
2,알루미늄(비서구산),"부산,인천,대구,전북",4300000,통합50톤/주,2025-08-25
3,구리(99.99%이상),"부산,인천,대구,대전, 전북",15300000,50톤/주 ,2025-08-25
4,납(99.99%이상),"인천,대구,부산",3240000,200톤/주 ,2025-08-25
5,납(99.99%이상),전북,3160000,200톤/주 ,2025-08-25
6,아연,"부산,인천,대구,전북",4600000,15톤/주 ,2025-08-25
7,주석(99.85%이상),"부산,인천,대구,전북",52880000,6톤/주 ,2025-08-25
8,주석(99.90%이상),"부산,인천,대구,전북",53280000,4톤/주 ,2025-08-25
9,니켈(합금용),"부산,인천,대구",24760000,5톤/주 ,2025-08-25
10,니켈(도금용),"부산,인천",25140000,3톤/주,2025-08-25
1,알루미늄(서구산),"부산,인천,대구,대전, 전북",4260000,통합50톤/주,2025-08-22
2,알루미늄(비서구산),"부산,인천,대구,전북",4250000,통합50톤/주,2025-08-22
3,구리(99.99%이상),"부산,인천,대구,대전, 전북",15250000,50톤/주 ,2025-08-22
4,납(99.99%이상),"인천,대구,부산",3210000,200톤/주 ,2025-08-22
5,납(99.99%이상),전북,3130000,200톤/주 ,2025-08-22
6,아연,"부산,인천,대구,전북",4530000,15톤/주 ,2025-08-22
7,주석(99.85%이상),"부산,인천,대구,전북",52400000,6톤/주 ,2025-08-22
8,주석(99.90%이상),"부산,인천,대구,전북",52800000,4톤/주 ,2025-08-22
9,니켈(합금용),"부산,인천,대구",24570000,5톤/주 ,2025-08-22
10,니켈(도금용),"부산,인천",24960000,3톤/주,2025-08-22
1,알루미늄(서구산),"부산,인천,대구,대전, 전북",4250000,통합50톤/주,2025-08-21
2,알루미늄(비서구산),"부산,인천,대구,전북",4240000,통합50톤/주,2025-08-21
3,구리(99.99%이상),"부산,인천,대구,대전, 전북",15220000,50톤/주 ,2025-08-21
4,납(99.99%이상),"인천,대구,부산",3220000,200톤/주 ,2025-08-21
5,납(99.99%이상),전북,3140000,200톤/주 ,2025-08-21
6,아연,"부산,인천,대구,전북",4560000,15톤/주 ,2025-08-21
7,주석(99.85%이상),"부산,인천,대구,전북",52800000,6톤/주 ,2025-08-21
8,주석(99.90%이상),"부산,인천,대구,전북",53200000,4톤/주 ,2025-08-21
9,니켈(합금용),"부산,인천,대구",24680000,5톤/주 ,2025-08-21
10,니켈(도금용),"부산,인천",25070000,3톤/주,2025-08-21
1,알루미늄(서구산),"부산,인천,대구,대전, 전북",4200000,통합50톤/주,2025-08-20
2,알루미늄(비서구산),"부산,인천,대구,전북",4190000,통합50톤/주,2025-08-20
3,구리(99.99%이상),"부산,인천,대구,대전, 전북",15090000,50톤/주 ,2025-08-20
4,납(99.99%이상),"인천,대구,부산",3190000,200톤/주 ,2025-08-20
5,납(99.99%이상),전북,3110000,200톤/주 ,2025-08-20
6,아연,"부산,인천,대구,전북",4500000,15톤/주 ,2025-08-20
7,주석(99.85%이상),"부산,인천,대구,전북",52900000,6톤/주 ,2025-08-20
8,주석(99.90%이상),"부산,인천,대구,전북",53300000,4톤/주 ,2025-08-20
9,니켈(합금용),"부산,인천,대구",24530000,5톤/주 ,2025-08-20
10,니켈(도금용),"부산,인천",24910000,3톤/주,2025-08-20
1,알루미늄(서구산),"부산,인천,대구,대전, 전북",4230000,통합50톤/주,2025-08-19
2,알루미늄(비서구산),"부산,인천,대구,전북",4220000,통합50톤/주,2025-08-19
3,구리(99.99%이상),"부산,인천,대구,대전, 전북",15090000,50톤/주 ,2025-08-19
4,납(99.99%이상),"인천,대구,부산",3170000,200톤/주 ,2025-08-19
5,납(99.99%이상),전북,3090000,200톤/주 ,2025-08-19
6,아연,"부산,인천,대구,전북",4500000,15톤/주 ,2025-08-19
7,주석(99.85%이상),"부산,인천,대구,전북",52460000,6톤/주 ,2025-08-19
8,주석(99.90%이상),"부산,인천,대구,전북",52860000,4톤/주 ,2025-08-19
9,니켈(합금용),"부산,인천,대구",24660000,5톤/주 ,2025-08-19
10,니켈(도금용),"부산,인천",25050000,3톤/주,2025-08-19
1,알루미늄(서구산),"부산,인천,대구,대전, 전북",4250000,통합50톤/주,2025-08-18
2,알루미늄(비서구산),"부산,인천,대구,전북",4240000,통합50톤/주,2025-08-18
3,구리(99.99%이상),"부산,인천,대구,대전, 전북",15120000,50톤/주 ,2025-08-18
4,납(99.99%이상),"인천,대구,부산",3180000,200톤/주 ,2025-08-18
5,납(99.99%이상),전북,3100000,200톤/주 ,2025-08-18
6,아연,"부산,인천,대구,전북",4520000,15톤/주 ,2025-08-18
7,주석(99.85%이상),"부산,인천,대구,전북",52300000,6톤/주 ,2025-08-18
8,주석(99.90%이상),"부산,인천,대구,전북",52690000,4톤/주 ,2025-08-18
9,니켈(합금용),"부산,인천,대구",24610000,5톤/주 ,2025-08-18
10,니켈(도금용),"부산,인천",24990000,3톤/주,2025-08-18
1,알루미늄(서구산),"부산,인천,대구,대전, 전북",4250000,통합50톤/주,2025-08-14
2,알루미늄(비서구산),"부산,인천,대구,전북",4240000,통합50톤/주,2025-08-14
3,구리(99.99%이상),"부산,인천,대구,대전, 전북",15190000,50톤/주 ,2025-08-14
4,납(99.99%이상),"인천,대구,부산",3190000,200톤/주 ,2025-08-14
5,납(99.99%이상),전북,3110000,200톤/주 ,2025-08-14
6,아연,"부산,인천,대구,전북",4580000,15톤/주 ,2025-08-14
7,주석(99.85%이상),"부산,인천,대구,전북",52190000,6톤/주 ,2025-08-14
8,주석(99.90%이상),"부산,인천,대구,전북",52580000,4톤/주 ,2025-08-14
9,니켈(합금용),"부산,인천,대구",24750000,5톤/주 ,2025-08-14
10,니켈(도금용),"부산,인천",25130000,3톤/주,2025-08-14
1,알루미늄(서구산),"부산,인천,대구,대전, 전북",4280000,통합50톤/주,2025-08-13
2,알루미늄(비서구산),"부산,인천,대구,전북",4270000,통합50톤/주,2025-08-13
3,구리(99.99%이상),"부산,인천,대구,대전, 전북",15320000,50톤/주 ,2025-08-13
4,납(99.99%이상),"인천,대구,부산",3260000,200톤/주 ,2025-08-13
5,납(99.99%이상),전북,3170000,200톤/주 ,2025-08-13
6,아연,"부산,인천,대구,전북",4630000,15톤/주 ,2025-08-13
7,주석(99.85%이상),"부산,인천,대구,전북",52760000,6톤/주 ,2025-08-13
8,주석(99.90%이상),"부산,인천,대구,전북",53160000,4톤/주 ,2025-08-13
9,니켈(합금용),"부산,인천,대구",25010000,5톤/주 ,2025-08-13
10,니켈(도금용),"부산,인천",25390000,3톤/주,2025-08-13
1,알루미늄(서구산),"부산,인천,대구,대전, 전북",4220000,통합50톤/주,2025-08-12
2,알루미늄(비서구산),"부산,인천,대구,전북",4210000,통합50톤/주,2025-08-12
3,구리(99.99%이상),"부산,인천,대구,대전, 전북",15140000,50톤/주 ,2025-08-12
4,납(99.99%이상),"인천,대구,부산",3230000,200톤/주 ,2025-08-12
5,납(99.99%이상),전북,3150000,200톤/주 ,2025-08-12
6,아연,"부산,인천,대구,전북",4590000,15톤/주 ,2025-08-12
7,주석(99.85%이상),"부산,인천,대구,전북",52530000,6톤/주 ,2025-08-12
8,주석(99.90%이상),"부산,인천,대구,전북",52920000,4톤/주 ,2025-08-12
9,니켈(합금용),"부산,인천,대구",25000000,5톤/주 ,2025-08-12
10,니켈(도금용),"부산,인천",25390000,3톤/주,2025-08-12
1,알루미늄(서구산),"부산,인천,대구,대전, 전북",4270000,통합50톤/주,2025-08-11
2,알루미늄(비서구산),"부산,인천,대구,전북",4260000,통합50톤/주,2025-08-11
3,구리(99.99%이상),"부산,인천,대구,대전, 전북",15220000,50톤/주 ,2025-08-11
4,납(99.99%이상),"인천,대구,부산",3260000,200톤/주 ,2025-08-11
5,납(99.99%이상),전북,3170000,200톤/주 ,2025-08-11
6,아연,"부산,인천,대구,전북",4600000,15톤/주 ,2025-08-11
7,주석(99.85%이상),"부산,인천,대구,전북",52280000,6톤/주 ,2025-08-11
8,주석(99.90%이상),"부산,인천,대구,전북",52670000,4톤/주 ,2025-08-11
9,니켈(합금용),"부산,인천,대구",24750000,5톤/주 ,2025-08-11
10,니켈(도금용),"부산,인천",25130000,3톤/주,2025-08-11
1,알루미늄(서구산),"부산,인천,대구,대전, 전북",4250000,통합50톤/주,2025-08-08
2,알루미늄(비서구산),"부산,인천,대구,전북",4240000,통합50톤/주,2025-08-08
3,구리(99.99%이상),"부산,인천,대구,대전, 전북",15020000,50톤/주 ,2025-08-08
4,납(99.99%이상),"인천,대구,부산",3240000,200톤/주 ,2025-08-08
5,납(99.99%이상),전북,3150000,200톤/주 ,2025-08-08
6,아연,"부산,인천,대구,전북",4550000,15톤/주 ,2025-08-08
7,주석(99.85%이상),"부산,인천,대구,전북",52150000,6톤/주 ,2025-08-08
8,주석(99.90%이상),"부산,인천,대구,전북",52540000,4톤/주 ,2025-08-08
9,니켈(합금용),"부산,인천,대구",24530000,5톤/주 ,2025-08-08
10,니켈(도금용),"부산,인천",24910000,3톤/주,2025-08-08
1,알루미늄(서구산),"부산,인천,대구,대전, 전북",4270000,통합50톤/주,2025-08-07
2,알루미늄(비서구산),"부산,인천,대구,전북",4260000,통합50톤/주,2025-08-07
3,구리(99.99%이상),"부산,인천,대구,대전, 전북",15100000,50톤/주 ,2025-08-07
4,납(99.99%이상),"인천,대구,부산",3230000,200톤/주 ,2025-08-07
5,납(99.99%이상),전북,3150000,200톤/주 ,2025-08-07
6,아연,"부산,인천,대구,전북",4530000,15톤/주 ,2025-08-07
7,주석(99.85%이상),"부산,인천,대구,전북",51890000,6톤/주 ,2025-08-07
8,주석(99.90%이상),"부산,인천,대구,전북",52290000,4톤/주 ,2025-08-07
9,니켈(합금용),"부산,인천,대구",24700000,5톤/주 ,2025-08-07
10,니켈(도금용),"부산,인천",25080000,3톤/주,2025-08-07
1,알루미늄(서구산),"부산,인천,대구,대전, 전북",4200000,통합50톤/주,2025-08-06
2,알루미늄(비서구산),"부산,인천,대구,전북",4190000,통합50톤/주,2025-08-06
3,구리(99.99%이상),"부산,인천,대구,대전, 전북",15020000,50톤/주 ,2025-08-06
4,납(99.99%이상),"인천,대구,부산",3180000,200톤/주 ,2025-08-06
5,납(99.99%이상),전북,3100000,200톤/주 ,2025-08-06
6,아연,"부산,인천,대구,전북",4470000,15톤/주 ,2025-08-06
7,주석(99.85%이상),"부산,인천,대구,전북",51710000,6톤/주 ,2025-08-06
8,주석(99.90%이상),"부산,인천,대구,전북",52100000,4톤/주 ,2025-08-06
9,니켈(합금용),"부산,인천,대구",24510000,5톤/주 ,2025-08-06
10,니켈(도금용),"부산,인천",24870000,3톤/주,2025-08-06
1,알루미늄(서구산),"부산,인천,대구,대전, 전북",4170000,통합50톤/주,2025-08-05
2,알루미늄(비서구산),"부산,인천,대구,전북",4160000,통합50톤/주,2025-08-05
3,구리(99.99%이상),"부산,인천,대구,대전, 전북",15090000,50톤/주 ,2025-08-05
4,납(99.99%이상),"인천,대구,부산",3150000,200톤/주 ,2025-08-05
5,납(99.99%이상),전북,3070000,200톤/주 ,2025-08-05
6,아연,"부산,인천,대구,전북",4450000,15톤/주 ,2025-08-05
7,주석(99.85%이상),"부산,인천,대구,전북",51520000,6톤/주 ,2025-08-05
8,주석(99.90%이상),"부산,인천,대구,전북",51920000,4톤/주 ,2025-08-05
9,니켈(합금용),"부산,인천,대구",24530000,5톤/주 ,2025-08-05
10,니켈(도금용),"부산,인천",24890000,3톤/주,2025-08-05
1,알루미늄(서구산),"부산,인천,대구,대전, 전북",4240000,통합50톤/주,2025-08-04
2,알루미늄(비서구산),"부산,인천,대구,전북",4230000,통합50톤/주,2025-08-04
3,구리(99.99%이상),"부산,인천,대구,대전, 전북",15180000,50톤/주 ,2025-08-04
4,납(99.99%이상),"인천,대구,부산",3210000,200톤/주 ,2025-08-04
5,납(99.99%이상),전북,3130000,200톤/주 ,2025-08-04
6,아연,"부산,인천,대구,전북",4470000,15톤/주 ,2025-08-04
7,주석(99.85%이상),"부산,인천,대구,전북",52450000,6톤/주 ,2025-08-04
8,주석(99.90%이상),"부산,인천,대구,전북",52850000,4톤/주 ,2025-08-04
9,니켈(합금용),"부산,인천,대구",24710000,5톤/주 ,2025-08-04
10,니켈(도금용),"부산,인천",25070000,3톤/주,2025-08-04
1,알루미늄(서구산),"부산,인천,대구,대전, 전북",4190000,통합50톤/주,2025-08-01
2,알루미늄(비서구산),"부산,인천,대구,전북",4180000,통합50톤/주,2025-08-01
3,구리(99.99%이상),"부산,인천,대구,대전, 전북",14990000,50톤/주 ,2025-08-01
4,납(99.99%이상),"인천,대구,부산",3180000,200톤/주 ,2025-08-01
5,납(99.99%이상),전북,3100000,200톤/주 ,2025-08-01
6,아연,"부산,인천,대구,전북",4480000,15톤/주 ,2025-08-01
7,주석(99.85%이상),"부산,인천,대구,전북",50860000,6톤/주 ,2025-08-01
8,주석(99.90%이상),"부산,인천,대구,전북",51260000,4톤/주 ,2025-08-01
9,니켈(합금용),"부산,인천,대구",24360000,5톤/주 ,2025-08-01
10,니켈(도금용),"부산,인천",24720000,3톤/주,2025-08-01
1,알루미늄(서구산),"부산,인천,대구,대전, 전북",4280000,통합50톤/주,2025-07-31
2,알루미늄(비서구산),"부산,인천,대구,전북",4250000,통합50톤/주,2025-07-31
3,구리(99.99%이상),"부산,인천,대구,대전, 전북",15100000,50톤/주 ,2025-07-31
4,납(99.99%이상),"인천,대구,부산",3210000,200톤/주 ,2025-07-31
5,납(99.99%이상),전북,3130000,200톤/주 ,2025-07-31
6,아연,"부산,인천,대구,전북",4520000,15톤/주 ,2025-07-31
7,주석(99.85%이상),"부산,인천,대구,전북",51830000,6톤/주 ,2025-07-31
8,주석(99.90%이상),"부산,인천,대구,전북",52070000,4톤/주 ,2025-07-31
9,니켈(합금용),"부산,인천,대구",25550000,5톤/주 ,2025-07-31
10,니켈(도금용),"부산,인천",25910000,3톤/주,2025-07-31
1,알루미늄(서구산),"부산,인천,대구,대전, 전북",4320000,통합50톤/주,2025-07-30
2,알루미늄(비서구산),"부산,인천,대구,전북",4280000,통합50톤/주,2025-07-30
3,구리(99.99%이상),"부산,인천,대구,대전, 전북",15330000,50톤/주 ,2025-07-30
4,납(99.99%이상),"인천,대구,부산",3270000,200톤/주 ,2025-07-30
5,납(99.99%이상),전북,3190000,200톤/주 ,2025-07-30
6,아연,"부산,인천,대구,전북",4570000,15톤/주 ,2025-07-30
7,주석(99.85%이상),"부산,인천,대구,전북",52660000,6톤/주 ,2025-07-30
8,주석(99.90%이상),"부산,인천,대구,전북",52910000,4톤/주 ,2025-07-30
9,니켈(합금용),"부산,인천,대구",26160000,5톤/주 ,2025-07-30
10,니켈(도금용),"부산,인천",26520000,3톤/주,2025-07-30
1,알루미늄(서구산),"부산,인천,대구,대전, 전북",4330000,통합50톤/주,2025-07-29
2,알루미늄(비서구산),"부산,인천,대구,전북",4300000,통합50톤/주,2025-07-29
3,구리(99.99%이상),"부산,인천,대구,대전, 전북",15220000,50톤/주 ,2025-07-29
4,납(99.99%이상),"인천,대구,부산",3260000,200톤/주 ,2025-07-29
5,납(99.99%이상),전북,3180000,200톤/주 ,2025-07-29
6,아연,"부산,인천,대구,전북",4560000,15톤/주 ,2025-07-29
7,주석(99.85%이상),"부산,인천,대구,전북",52310000,6톤/주 ,2025-07-29
8,주석(99.90%이상),"부산,인천,대구,전북",52550000,4톤/주 ,2025-07-29
9,니켈(합금용),"부산,인천,대구",25910000,5톤/주 ,2025-07-29
10,니켈(도금용),"부산,인천",26270000,3톤/주,2025-07-29
1,알루미늄(서구산),"부산,인천,대구,대전, 전북",4330000,통합50톤/주,2025-07-28
2,알루미늄(비서구산),"부산,인천,대구,전북",4290000,통합50톤/주,2025-07-28
3,구리(99.99%이상),"부산,인천,대구,대전, 전북",15140000,50톤/주 ,2025-07-28
4,납(99.99%이상),"인천,대구,부산",3250000,200톤/주 ,2025-07-28
5,납(99.99%이상),전북,3170000,200톤/주 ,2025-07-28
6,아연,"부산,인천,대구,전북",4560000,15톤/주 ,2025-07-28
7,주석(99.85%이상),"부산,인천,대구,전북",52810000,6톤/주 ,2025-07-28
8,주석(99.90%이상),"부산,인천,대구,전북",53050000,4톤/주 ,2025-07-28
9,니켈(합금용),"부산,인천,대구",25920000,5톤/주 ,2025-07-28
10,니켈(도금용),"부산,인천",26270000,3톤/주,2025-07-28
1,알루미늄(서구산),"부산,인천,대구,대전, 전북",4310000,통합50톤/주,2025-07-25
2,알루미늄(비서구산),"부산,인천,대구,전북",4280000,통합50톤/주,2025-07-25
3,구리(99.99%이상),"부산,인천,대구,대전, 전북",15190000,50톤/주 ,2025-07-25
4,납(99.99%이상),"인천,대구,부산",3240000,200톤/주 ,2025-07-25
5,납(99.99%이상),전북,3150000,200톤/주 ,2025-07-25
6,아연,"부산,인천,대구,전북",4560000,15톤/주 ,2025-07-25
7,주석(99.85%이상),"부산,인천,대구,전북",53370000,6톤/주 ,2025-07-25
8,주석(99.90%이상),"부산,인천,대구,전북",53610000,4톤/주 ,2025-07-25
9,니켈(합금용),"부산,인천,대구",25940000,5톤/주 ,2025-07-25
10,니켈(도금용),"부산,인천",26290000,3톤/주,2025-07-25
1,알루미늄(서구산),"부산,인천,대구,대전, 전북",4350000,통합50톤/주,2025-07-24
2,알루미늄(비서구산),"부산,인천,대구,전북",4320000,통합50톤/주,2025-07-24
3,구리(99.99%이상),"부산,인천,대구,대전, 전북",15410000,50톤/주 ,2025-07-24
4,납(99.99%이상),"인천,대구,부산",3280000,200톤/주 ,2025-07-24
5,납(99.99%이상),전북,3200000,200톤/주 ,2025-07-24
6,아연,"부산,인천,대구,전북",4620000,15톤/주 ,2025-07-24
7,주석(99.85%이상),"부산,인천,대구,전북",54250000,6톤/주 ,2025-07-24
8,주석(99.90%이상),"부산,인천,대구,전북",54490000,4톤/주 ,2025-07-24
9,니켈(합금용),"부산,인천,대구",26330000,5톤/주 ,2025-07-24
10,니켈(도금용),"부산,인천",26690000,3톤/주,2025-07-24
1,알루미늄(서구산),"부산,인천,대구,대전, 전북",4390000,통합50톤/주,2025-07-23
2,알루미늄(비서구산),"부산,인천,대구,전북",4360000,통합50톤/주,2025-07-23
3,구리(99.99%이상),"부산,인천,대구,대전, 전북",15460000,50톤/주 ,2025-07-23
4,납(99.99%이상),"인천,대구,부산",3270000,200톤/주 ,2025-07-23
5,납(99.99%이상),전북,3180000,200톤/주 ,2025-07-23
6,아연,"부산,인천,대구,전북",4640000,15톤/주 ,2025-07-23
7,주석(99.85%이상),"부산,인천,대구,전북",52980000,6톤/주 ,2025-07-23
8,주석(99.90%이상),"부산,인천,대구,전북",53230000,4톤/주 ,2025-07-23
9,니켈(합금용),"부산,인천,대구",26420000,5톤/주 ,2025-07-23
10,니켈(도금용),"부산,인천",26780000,3톤/주,2025-07-23
1,알루미늄(서구산),"부산,인천,대구,대전, 전북",4380000,통합50톤/주,2025-07-22
2,알루미늄(비서구산),"부산,인천,대구,전북",4340000,통합50톤/주,2025-07-22
3,구리(99.99%이상),"부산,인천,대구,대전, 전북",15370000,50톤/주 ,2025-07-22
4,납(99.99%이상),"인천,대구,부산",3270000,200톤/주 ,2025-07-22
5,납(99.99%이상),전북,3190000,200톤/주 ,2025-07-22
6,아연,"부산,인천,대구,전북",4620000,15톤/주 ,2025-07-22
7,주석(99.85%이상),"부산,인천,대구,전북",52800000,6톤/주 ,2025-07-22
8,주석(99.90%이상),"부산,인천,대구,전북",53040000,4톤/주 ,2025-07-22
9,니켈(합금용),"부산,인천,대구",26420000,5톤/주 ,2025-07-22
10,니켈(도금용),"부산,인천",26780000,3톤/주,2025-07-22
1,알루미늄(서구산),"부산,인천,대구,대전, 전북",4360000,통합50톤/주,2025-07-21
2,알루미늄(비서구산),"부산,인천,대구,전북",4330000,통합50톤/주,2025-07-21
3,구리(99.99%이상),"부산,인천,대구,대전, 전북",15320000,50톤/주 ,2025-07-21
4,납(99.99%이상),"인천,대구,부산",3280000,200톤/주 ,2025-07-21
5,납(99.99%이상),전북,3200000,200톤/주 ,2025-07-21
6,아연,"부산,인천,대구,전북",4610000,15톤/주 ,2025-07-21
7,주석(99.85%이상),"부산,인천,대구,전북",52410000,6톤/주 ,2025-07-21
8,주석(99.90%이상),"부산,인천,대구,전북",52650000,4톤/주 ,2025-07-21
9,니켈(합금용),"부산,인천,대구",26060000,5톤/주 ,2025-07-21
10,니켈(도금용),"부산,인천",26420000,3톤/주,2025-07-21
1,알루미늄(서구산),"부산,인천,대구,대전, 전북",4280000,통합50톤/주,2025-07-18
2,알루미늄(비서구산),"부산,인천,대구,전북",4240000,통합50톤/주,2025-07-18
3,구리(99.99%이상),"부산,인천,대구,대전, 전북",15140000,50톤/주 ,2025-07-18
4,납(99.99%이상),"인천,대구,부산",3210000,200톤/주 ,2025-07-18
5,납(99.99%이상),전북,3130000,200톤/주 ,2025-07-18
6,아연,"부산,인천,대구,전북",4470000,15톤/주 ,2025-07-18
7,주석(99.85%이상),"부산,인천,대구,전북",51610000,6톤/주 ,2025-07-18
8,주석(99.90%이상),"부산,인천,대구,전북",51860000,4톤/주 ,2025-07-18
9,니켈(합금용),"부산,인천,대구",25860000,5톤/주 ,2025-07-18
10,니켈(도금용),"부산,인천",26220000,3톤/주,2025-07-18
1,알루미늄(서구산),"부산,인천,대구,대전, 전북",4260000,통합50톤/주,2025-07-17
2,알루미늄(비서구산),"부산,인천,대구,전북",4220000,통합50톤/주,2025-07-17
3,구리(99.99%이상),"부산,인천,대구,대전, 전북",15010000,50톤/주 ,2025-07-17
4,납(99.99%이상),"인천,대구,부산",3200000,200톤/주 ,2025-07-17
5,납(99.99%이상),전북,3120000,200톤/주 ,2025-07-17
6,아연,"부산,인천,대구,전북",4400000,15톤/주 ,2025-07-17
7,주석(99.85%이상),"부산,인천,대구,전북",50920000,6톤/주 ,2025-07-17
8,주석(99.90%이상),"부산,인천,대구,전북",51160000,4톤/주 ,2025-07-17
9,니켈(합금용),"부산,인천,대구",25610000,5톤/주 ,2025-07-17
10,니켈(도금용),"부산,인천",25970000,3톤/주,2025-07-17
1,알루미늄(서구산),"부산,인천,대구,대전, 전북",4250000,통합50톤/주,2025-07-16
2,알루미늄(비서구산),"부산,인천,대구,전북",4210000,통합50톤/주,2025-07-16
3,구리(99.99%이상),"부산,인천,대구,대전, 전북",14990000,50톤/주 ,2025-07-16
4,납(99.99%이상),"인천,대구,부산",3220000,200톤/주 ,2025-07-16
5,납(99.99%이상),전북,3130000,200톤/주 ,2025-07-16
6,아연,"부산,인천,대구,전북",4360000,15톤/주 ,2025-07-16
7,주석(99.85%이상),"부산,인천,대구,전북",51480000,6톤/주 ,2025-07-16
8,주석(99.90%이상),"부산,인천,대구,전북",51720000,4톤/주 ,2025-07-16
9,니켈(합금용),"부산,인천,대구",25690000,5톤/주 ,2025-07-16
10,니켈(도금용),"부산,인천",26040000,3톤/주,2025-07-16
1,알루미늄(서구산),"부산,인천,대구,대전, 전북",4260000,통합50톤/주,2025-07-15
2,알루미늄(비서구산),"부산,인천,대구,전북",4230000,통합50톤/주,2025-07-15
3,구리(99.99%이상),"부산,인천,대구,대전, 전북",14940000,50톤/주 ,2025-07-15
4,납(99.99%이상),"인천,대구,부산",3230000,200톤/주 ,2025-07-15
5,납(99.99%이상),전북,3150000,200톤/주 ,2025-07-15
6,아연,"부산,인천,대구,전북",4420000,15톤/주 ,2025-07-15
7,주석(99.85%이상),"부산,인천,대구,전북",51870000,6톤/주 ,2025-07-15
8,주석(99.90%이상),"부산,인천,대구,전북",52110000,4톤/주 ,2025-07-15
9,니켈(합금용),"부산,인천,대구",25570000,5톤/주 ,2025-07-15
10,니켈(도금용),"부산,인천",25930000,3톤/주,2025-07-15
1,알루미늄(서구산),"부산,인천,대구,대전, 전북",4270000,통합50톤/주,2025-07-14
2,알루미늄(비서구산),"부산,인천,대구,전북",4230000,통합50톤/주,2025-07-14
3,구리(99.99%이상),"부산,인천,대구,대전, 전북",15000000,50톤/주 ,2025-07-14
4,납(99.99%이상),"인천,대구,부산",3240000,200톤/주 ,2025-07-14
5,납(99.99%이상),전북,3160000,200톤/주 ,2025-07-14
6,아연,"부산,인천,대구,전북",4420000,15톤/주 ,2025-07-14
7,주석(99.85%이상),"부산,인천,대구,전북",52010000,6톤/주 ,2025-07-14
8,주석(99.90%이상),"부산,인천,대구,전북",52250000,4톤/주 ,2025-07-14
9,니켈(합금용),"부산,인천,대구",25690000,5톤/주 ,2025-07-14
10,니켈(도금용),"부산,인천",26040000,3톤/주,2025-07-14
11,니켈(도금용),"부산,인천",26040000,3톤/주,2025-07-14
1,알루미늄(서구산),"부산,인천,대구,대전, 전북",4260000,통합50톤/주,2025-07-11
2,알루미늄(비서구산),"부산,인천,대구,전북",4220000,통합50톤/주,2025-07-11
3,구리(99.99%이상),"부산,인천,대구,대전, 전북",15030000,50톤/주 ,2025-07-11
4,납(99.99%이상),"인천,대구,부산",3280000,200톤/주 ,2025-07-11
5,납(99.99%이상),전북,3190000,200톤/주 ,2025-07-11
6,아연,"부산,인천,대구,전북",4470000,15톤/주 ,2025-07-11
7,주석(99.85%이상),"부산,인천,대구,전북",51680000,6톤/주 ,2025-07-11
8,주석(99.90%이상),"부산,인천,대구,전북",51920000,4톤/주 ,2025-07-11
9,니켈(합금용),"부산,인천,대구",25730000,5톤/주 ,2025-07-11
10,니켈(도금용),"부산,인천",26090000,3톤/주,2025-07-11
1,알루미늄(서구산),"부산,인천,대구,대전, 전북",4250000,통합50톤/주,2025-07-10
2,알루미늄(비서구산),"부산,인천,대구,전북",4220000,통합50톤/주,2025-07-10
3,구리(99.99%이상),"부산,인천,대구,대전, 전북",15010000,50톤/주 ,2025-07-10
4,납(99.99%이상),"인천,대구,부산",3320000,200톤/주 ,2025-07-10
5,납(99.99%이상),전북,3230000,200톤/주 ,2025-07-10
6,아연,"부산,인천,대구,전북",4430000,15톤/주 ,2025-07-10
7,주석(99.85%이상),"부산,인천,대구,전북",51440000,6톤/주 ,2025-07-10
8,주석(99.90%이상),"부산,인천,대구,전북",51680000,4톤/주 ,2025-07-10
9,니켈(합금용),"부산,인천,대구",25340000,5톤/주 ,2025-07-10
10,니켈(도금용),"부산,인천",25690000,3톤/주,2025-07-10
1,알루미늄(서구산),"부산,인천,대구,대전, 전북",4220000,통합50톤/주,2025-07-09
2,알루미늄(비서구산),"부산,인천,대구,전북",4180000,통합50톤/주,2025-07-09
3,구리(99.99%이상),"부산,인천,대구,대전, 전북",15220000,50톤/주 ,2025-07-09
4,납(99.99%이상),"인천,대구,부산",3290000,200톤/주 ,2025-07-09
5,납(99.99%이상),전북,3210000,200톤/주 ,2025-07-09
6,아연,"부산,인천,대구,전북",4360000,15톤/주 ,2025-07-09
7,주석(99.85%이상),"부산,인천,대구,전북",51300000,6톤/주 ,2025-07-09
8,주석(99.90%이상),"부산,인천,대구,전북",51530000,4톤/주 ,2025-07-09
9,니켈(합금용),"부산,인천,대구",25310000,5톤/주 ,2025-07-09
10,니켈(도금용),"부산,인천",25660000,3톤/주,2025-07-09
1,알루미늄(서구산),"부산,인천,대구,대전, 전북",4190000,통합50톤/주,2025-07-08
2,알루미늄(비서구산),"부산,인천,대구,전북",4160000,통합50톤/주,2025-07-08
3,구리(99.99%이상),"부산,인천,대구,대전, 전북",15320000,50톤/주 ,2025-07-08
4,납(99.99%이상),"인천,대구,부산",3260000,200톤/주 ,2025-07-08
5,납(99.99%이상),전북,3170000,200톤/주 ,2025-07-08
6,아연,"부산,인천,대구,전북",4290000,15톤/주 ,2025-07-08
7,주석(99.85%이상),"부산,인천,대구,전북",51160000,6톤/주 ,2025-07-08
8,주석(99.90%이상),"부산,인천,대구,전북",51400000,4톤/주 ,2025-07-08
9,니켈(합금용),"부산,인천,대구",25510000,5톤/주 ,2025-07-08
10,니켈(도금용),"부산,인천",25870000,3톤/주,2025-07-08
1,알루미늄(서구산),"부산,인천,대구,대전, 전북",4200000,통합50톤/주,2025-07-07
2,알루미늄(비서구산),"부산,인천,대구,전북",4170000,통합50톤/주,2025-07-07
3,구리(99.99%이상),"부산,인천,대구,대전, 전북",15340000,50톤/주 ,2025-07-07
4,납(99.99%이상),"인천,대구,부산",3280000,200톤/주 ,2025-07-07
5,납(99.99%이상),전북,3190000,200톤/주 ,2025-07-07
6,아연,"부산,인천,대구,전북",4330000,15톤/주 ,2025-07-07
7,주석(99.85%이상),"부산,인천,대구,전북",51610000,6톤/주 ,2025-07-07
8,주석(99.90%이상),"부산,인천,대구,전북",51840000,4톤/주 ,2025-07-07
9,니켈(합금용),"부산,인천,대구",25600000,5톤/주 ,2025-07-07
10,니켈(도금용),"부산,인천",25950000,3톤/주,2025-07-07
1,알루미늄(서구산),"부산,인천,대구,대전, 전북",4210000,통합50톤/주,2025-07-04
2,알루미늄(비서구산),"부산,인천,대구,전북",4180000,통합50톤/주,2025-07-04
3,구리(99.99%이상),"부산,인천,대구,대전, 전북",15430000,50톤/주 ,2025-07-04
4,납(99.99%이상),"인천,대구,부산",3280000,200톤/주 ,2025-07-04
5,납(99.99%이상),전북,3190000,200톤/주 ,2025-07-04
6,아연,"부산,인천,대구,전북",4360000,15톤/주 ,2025-07-04
7,주석(99.85%이상),"부산,인천,대구,전북",51620000,6톤/주 ,2025-07-04
8,주석(99.90%이상),"부산,인천,대구,전북",51860000,4톤/주 ,2025-07-04
9,니켈(합금용),"부산,인천,대구",25790000,5톤/주 ,2025-07-04
10,니켈(도금용),"부산,인천",26140000,3톤/주,2025-07-04
1,알루미늄(서구산),"부산,인천,대구,대전, 전북",4240000,통합50톤/주,2025-07-03
2,알루미늄(비서구산),"부산,인천,대구,전북",4200000,통합50톤/주,2025-07-03
3,구리(99.99%이상),"부산,인천,대구,대전, 전북",15520000,50톤/주 ,2025-07-03
4,납(99.99%이상),"인천,대구,부산",3270000,200톤/주 ,2025-07-03
5,납(99.99%이상),전북,3180000,200톤/주 ,2025-07-03
6,아연,"부산,인천,대구,전북",4370000,15톤/주 ,2025-07-03
7,주석(99.85%이상),"부산,인천,대구,전북",51400000,6톤/주 ,2025-07-03
8,주석(99.90%이상),"부산,인천,대구,전북",51640000,4톤/주 ,2025-07-03
9,니켈(합금용),"부산,인천,대구",25560000,5톤/주 ,2025-07-03
10,니켈(도금용),"부산,인천",25910000,3톤/주,2025-07-03
1,알루미늄(서구산),"부산,인천,대구,대전, 전북",4200000,통합50톤/주,2025-07-02
2,알루미늄(비서구산),"부산,인천,대구,전북",4170000,통합50톤/주,2025-07-02
3,구리(99.99%이상),"부산,인천,대구,대전, 전북",15400000,50톤/주 ,2025-07-02
4,납(99.99%이상),"인천,대구,부산",3220000,200톤/주 ,2025-07-02
5,납(99.99%이상),전북,3140000,200톤/주 ,2025-07-02
6,아연,"부산,인천,대구,전북",4300000,15톤/주 ,2025-07-02
7,주석(99.85%이상),"부산,인천,대구,전북",51200000,6톤/주 ,2025-07-02
8,주석(99.90%이상),"부산,인천,대구,전북",51430000,4톤/주 ,2025-07-02
9,니켈(합금용),"부산,인천,대구",25350000,5톤/주 ,2025-07-02
10,니켈(도금용),"부산,인천",25700000,3톤/주,2025-07-02
1,알루미늄(서구산),"부산,인천,대구,대전, 전북",4180000,통합50톤/주,2025-07-01
2,알루미늄(비서구산),"부산,인천,대구,전북",4150000,통합50톤/주,2025-07-01
3,구리(99.99%이상),"부산,인천,대구,대전, 전북",15330000,50톤/주 ,2025-07-01
4,납(99.99%이상),"인천,대구,부산",3220000,200톤/주 ,2025-07-01
5,납(99.99%이상),전북,3140000,200톤/주 ,2025-07-01
6,아연,"부산,인천,대구,전북",4350000,15톤/주 ,2025-07-01
7,주석(99.85%이상),"부산,인천,대구,전북",51320000,6톤/주 ,2025-07-01
8,주석(99.90%이상),"부산,인천,대구,전북",51550000,4톤/주 ,2025-07-01
9,니켈(합금용),"부산,인천,대구",25250000,5톤/주 ,2025-07-01
10,니켈(도금용),"부산,인천",25600000,3톤/주,2025-07-01
1,알루미늄(서구산),"부산,인천,대구,대전, 전북",4220000,통합50톤/주,2025-06-30
2,알루미늄(비서구산),"부산,인천,대구,전북",4170000,통합50톤/주,2025-06-30
3,구리(99.99%이상),"부산,인천,대구,대전, 전북",15520000,50톤/주 ,2025-06-30
4,납(99.99%이상),"인천,대구,부산",3250000,200톤/주 ,2025-06-30
5,납(99.99%이상),전북,3170000,200톤/주 ,2025-06-30
6,아연,"부산,인천,대구,전북",4430000,15톤/주 ,2025-06-30
7,주석(99.85%이상),"부산,인천,대구,전북",51650000,6톤/주 ,2025-06-30
8,주석(99.90%이상),"부산,인천,대구,전북",51910000,4톤/주 ,2025-06-30
9,니켈(합금용),"부산,인천,대구",25450000,5톤/주 ,2025-06-30
10,니켈(도금용),"부산,인천",25800000,3톤/주,2025-06-30
1,알루미늄(서구산),"부산,인천,대구,대전, 전북",4200000,통합50톤/주,2025-06-27
2,알루미늄(비서구산),"부산,인천,대구,전북",4150000,통합50톤/주,2025-06-27
3,구리(99.99%이상),"부산,인천,대구,대전, 전북",15670000,50톤/주 ,2025-06-27
4,납(99.99%이상),"인천,대구,부산",3240000,200톤/주 ,2025-06-27
5,납(99.99%이상),전북,3160000,200톤/주 ,2025-06-27
6,아연,"부산,인천,대구,전북",4410000,15톤/주 ,2025-06-27
7,주석(99.85%이상),"부산,인천,대구,전북",51580000,6톤/주 ,2025-06-27
8,주석(99.90%이상),"부산,인천,대구,전북",51840000,4톤/주 ,2025-06-27
9,니켈(합금용),"부산,인천,대구",25380000,5톤/주 ,2025-06-27
10,니켈(도금용),"부산,인천",25730000,3톤/주,2025-06-27
1,알루미늄(서구산),"부산,인천,대구,대전, 전북",4170000,통합50톤/주,2025-06-26
2,알루미늄(비서구산),"부산,인천,대구,전북",4130000,통합50톤/주,2025-06-26
3,구리(99.99%이상),"부산,인천,대구,대전, 전북",15120000,50톤/주 ,2025-06-26
4,납(99.99%이상),"인천,대구,부산",3240000,200톤/주 ,2025-06-26
5,납(99.99%이상),전북,3160000,200톤/주 ,2025-06-26
6,아연,"부산,인천,대구,전북",4310000,15톤/주 ,2025-06-26
7,주석(99.85%이상),"부산,인천,대구,전북",50830000,6톤/주 ,2025-06-26
8,주석(99.90%이상),"부산,인천,대구,전북",51090000,4톤/주 ,2025-06-26
9,니켈(합금용),"부산,인천,대구",25270000,5톤/주 ,2025-06-26
10,니켈(도금용),"부산,인천",25620000,3톤/주,2025-06-26
1,알루미늄(서구산),"부산,인천,대구,대전, 전북",4200000,통합50톤/주,2025-06-25
2,알루미늄(비서구산),"부산,인천,대구,전북",4150000,통합50톤/주,2025-06-25
3,구리(99.99%이상),"부산,인천,대구,대전, 전북",15110000,50톤/주 ,2025-06-25
4,납(99.99%이상),"인천,대구,부산",3210000,200톤/주 ,2025-06-25
5,납(99.99%이상),전북,3130000,200톤/주 ,2025-06-25
6,아연,"부산,인천,대구,전북",4260000,15톤/주 ,2025-06-25
7,주석(99.85%이상),"부산,인천,대구,전북",49420000,6톤/주 ,2025-06-25
8,주석(99.90%이상),"부산,인천,대구,전북",49680000,4톤/주 ,2025-06-25
9,니켈(합금용),"부산,인천,대구",24990000,5톤/주 ,2025-06-25
10,니켈(도금용),"부산,인천",25350000,3톤/주,2025-06-25
1,알루미늄(서구산),"부산,인천,대구,대전, 전북",4310000,통합50톤/주,2025-06-24
2,알루미늄(비서구산),"부산,인천,대구,전북",4260000,통합50톤/주,2025-06-24
3,구리(99.99%이상),"부산,인천,대구,대전, 전북",15570000,50톤/주 ,2025-06-24
4,납(99.99%이상),"인천,대구,부산",3250000,200톤/주 ,2025-06-24
5,납(99.99%이상),전북,3160000,200톤/주 ,2025-06-24
6,주석(99.85%이상),"부산,인천,대구,전북",50930000,6톤/주 ,2025-06-24
7,주석(99.90%이상),"부산,인천,대구,전북",51190000,4톤/주 ,2025-06-24
8,니켈(합금용),"부산,인천,대구",25260000,5톤/주 ,2025-06-24
9,니켈(도금용),"부산,인천",25620000,3톤/주,2025-06-24
1,알루미늄(서구산),"부산,인천,대구,대전, 전북",4190000,통합50톤/주,2025-06-23
2,알루미늄(비서구산),"부산,인천,대구,전북",4140000,통합50톤/주,2025-06-23
3,구리(99.99%이상),"부산,인천,대구,대전, 전북",15300000,50톤/주 ,2025-06-23
4,납(99.99%이상),"인천,대구,부산",3180000,200톤/주 ,2025-06-23
5,납(99.99%이상),전북,3100000,200톤/주 ,2025-06-23
6,아연,"부산,인천,대구,전북",4200000,15톤/주 ,2025-06-23
7,주석(99.85%이상),"부산,인천,대구,전북",50280000,6톤/주 ,2025-06-23
8,주석(99.90%이상),"부산,인천,대구,전북",50550000,4톤/주 ,2025-06-23
9,니켈(합금용),"부산,인천,대구",25240000,5톤/주 ,2025-06-23
10,니켈(도금용),"부산,인천",25590000,3톤/주,2025-06-23
1,알루미늄(서구산),"부산,인천,대구,대전, 전북",4170000,통합50톤/주,2025-06-20
2,알루미늄(비서구산),"부산,인천,대구,전북",4130000,통합50톤/주,2025-06-20
3,구리(99.99%이상),"부산,인천,대구,대전, 전북",15220000,50톤/주 ,2025-06-20
4,납(99.99%이상),"인천,대구,부산",3210000,200톤/주 ,2025-06-20
5,납(99.99%이상),전북,3130000,200톤/주 ,2025-06-20
6,아연,"부산,인천,대구,전북",4250000,15톤/주 ,2025-06-20
7,주석(99.85%이상),"부산,인천,대구,전북",49640000,6톤/주 ,2025-06-20
8,주석(99.90%이상),"부산,인천,대구,전북",49900000,4톤/주 ,2025-06-20
9,니켈(합금용),"부산,인천,대구",25570000,5톤/주 ,2025-06-20
10,니켈(도금용),"부산,인천",25930000,3톤/주,2025-06-20
1,알루미늄(서구산),"부산,인천,대구,대전, 전북",4190000,통합50톤/주,2025-06-19
2,알루미늄(비서구산),"부산,인천,대구,전북",4140000,통합50톤/주,2025-06-19
3,구리(99.99%이상),"부산,인천,대구,대전, 전북",15120000,50톤/주 ,2025-06-19
4,납(99.99%이상),"인천,대구,부산",3190000,200톤/주 ,2025-06-19
5,납(99.99%이상),전북,3110000,200톤/주 ,2025-06-19
6,아연,"부산,인천,대구,전북",4210000,15톤/주 ,2025-06-19
7,주석(99.85%이상),"부산,인천,대구,전북",49640000,6톤/주 ,2025-06-19
8,주석(99.90%이상),"부산,인천,대구,전북",49900000,4톤/주 ,2025-06-19
9,니켈(합금용),"부산,인천,대구",25360000,5톤/주 ,2025-06-19
10,니켈(도금용),"부산,인천",25710000,3톤/주,2025-06-19
1,알루미늄(서구산),"부산,인천,대구,대전, 전북",4170000,통합50톤/주,2025-06-18
2,알루미늄(비서구산),"부산,인천,대구,전북",4120000,통합50톤/주,2025-06-18
3,구리(99.99%이상),"부산,인천,대구,대전, 전북",15090000,50톤/주 ,2025-06-18
4,납(99.99%이상),"인천,대구,부산",3140000,200톤/주 ,2025-06-18
5,납(99.99%이상),전북,3060000,200톤/주 ,2025-06-18
6,아연,"부산,인천,대구,전북",4200000,15톤/주 ,2025-06-18
7,주석(99.85%이상),"부산,인천,대구,전북",49230000,6톤/주 ,2025-06-18
8,주석(99.90%이상),"부산,인천,대구,전북",49490000,4톤/주 ,2025-06-18
9,니켈(합금용),"부산,인천,대구",25040000,5톤/주 ,2025-06-18
10,니켈(도금용),"부산,인천",25390000,3톤/주,2025-06-18
1,알루미늄(서구산),"부산,인천,대구,대전, 전북",4120000,통합50톤/주,2025-06-17
2,알루미늄(비서구산),"부산,인천,대구,전북",4070000,통합50톤/주,2025-06-17
3,구리(99.99%이상),"부산,인천,대구,대전, 전북",15120000,50톤/주 ,2025-06-17
4,납(99.99%이상),"인천,대구,부산",3200000,200톤/주 ,2025-06-17
5,납(99.99%이상),전북,3120000,200톤/주 ,2025-06-17
6,아연,"부산,인천,전북",4230000,15톤/주 ,2025-06-17
7,주석(99.85%이상),"부산,인천,대구,전북",49750000,6톤/주 ,2025-06-17
8,주석(99.90%이상),"부산,인천,대구,전북",50010000,4톤/주 ,2025-06-17
9,니켈(합금용),"부산,인천,대구",25280000,5톤/주 ,2025-06-17
10,니켈(도금용),"부산,인천",25630000,3톤/주,2025-06-17
1,알루미늄(서구산),"부산,인천,대구,대전, 전북",4110000,통합50톤/주,2025-06-16
2,알루미늄(비서구산),"부산,인천,대구,전북",4070000,통합50톤/주,2025-06-16
3,구리(99.99%이상),"부산,인천,대구,대전, 전북",15060000,50톤/주 ,2025-06-16
4,납(99.99%이상),"인천,대구,부산",3190000,200톤/주 ,2025-06-16
5,납(99.99%이상),전북,3110000,200톤/주 ,2025-06-16
6,아연,"부산,인천,전북",4200000,15톤/주 ,2025-06-16
7,주석(99.85%이상),"부산,인천,대구,전북",50200000,6톤/주 ,2025-06-16
8,주석(99.90%이상),"부산,인천,대구,전북",50460000,4톤/주 ,2025-06-16
9,니켈(합금용),"부산,인천,대구",25490000,5톤/주 ,2025-06-16
10,니켈(도금용),"부산,인천",25850000,3톤/주,2025-06-16
1,알루미늄(서구산),"부산,인천,대구,대전, 전북",4110000,통합50톤/주,2025-06-13
2,알루미늄(비서구산),"부산,인천,대구,전북",4060000,통합50톤/주,2025-06-13
3,구리(99.99%이상),"부산,인천,대구,대전, 전북",15040000,50톤/주 ,2025-06-13
4,납(99.99%이상),"인천,대구,부산",3170000,200톤/주 ,2025-06-13
5,납(99.99%이상),전북,3090000,200톤/주 ,2025-06-13
6,아연,"부산,인천,전북",4190000,15톤/주 ,2025-06-13
7,주석(99.85%이상),"부산,인천,대구,전북",49740000,6톤/주 ,2025-06-13
8,주석(99.90%이상),"부산,인천,대구,전북",50000000,4톤/주 ,2025-06-13
9,니켈(합금용),"부산,인천,대구",25310000,5톤/주 ,2025-06-13
10,니켈(도금용),"부산,인천",25660000,3톤/주,2025-06-13
1,알루미늄(서구산),"부산,인천,대구,대전, 전북",4160000,통합50톤/주,2025-06-12
2,알루미늄(비서구산),"부산,인천,대구,전북",4110000,통합50톤/주,2025-06-12
3,구리(99.99%이상),"부산,인천,대구,대전, 전북",15100000,50톤/주 ,2025-06-12
4,납(99.99%이상),"인천,대구,부산",3200000,200톤/주 ,2025-06-12
5,납(99.99%이상),전북,3110000,200톤/주 ,2025-06-12
6,아연,"부산,인천,전북",4250000,15톤/주 ,2025-06-12
7,주석(99.85%이상),"부산,인천,대구,전북",50340000,6톤/주 ,2025-06-12
8,주석(99.90%이상),"부산,인천,대구,전북",50600000,4톤/주 ,2025-06-12
9,니켈(합금용),"부산,인천,대구",25660000,5톤/주 ,2025-06-12
10,니켈(도금용),"부산,인천",26010000,3톤/주,2025-06-12
1,알루미늄(서구산),"부산,인천,대구,대전, 전북",4090000,통합50톤/주,2025-06-11
2,알루미늄(비서구산),"부산,인천,대구,전북",4050000,통합50톤/주,2025-06-11
3,구리(99.99%이상),"부산,인천,대구,대전, 전북",15180000,50톤/주 ,2025-06-11
4,납(99.99%이상),"인천,대구,부산",3160000,200톤/주 ,2025-06-11
5,납(99.99%이상),전북,3080000,200톤/주 ,2025-06-11
6,아연,"부산,인천,전북",4220000,15톤/주 ,2025-06-11
7,주석(99.85%이상),"부산,인천,대구,전북",50160000,6톤/주 ,2025-06-11
8,주석(99.90%이상),"부산,인천,대구,전북",50420000,4톤/주 ,2025-06-11
9,니켈(합금용),"부산,인천,대구",25670000,5톤/주 ,2025-06-11
10,니켈(도금용),"부산,인천",26030000,3톤/주,2025-06-11
1,알루미늄(서구산),"부산,인천,대구,대전, 전북",4040000,통합50톤/주,2025-06-10
2,알루미늄(비서구산),"부산,인천,대구,전북",3990000,통합50톤/주,2025-06-10
3,구리(99.99%이상),"부산,인천,대구,대전, 전북",15170000,50톤/주 ,2025-06-10
4,납(99.99%이상),"인천,대구,부산",3150000,200톤/주 ,2025-06-10
5,납(99.99%이상),전북,3070000,200톤/주 ,2025-06-10
6,주석(99.85%이상),"부산,인천,대구,전북",49900000,6톤/주 ,2025-06-10
7,주석(99.90%이상),"부산,인천,대구,전북",50160000,4톤/주 ,2025-06-10
8,니켈(합금용),"부산,인천,대구",25690000,5톤/주 ,2025-06-10
9,니켈(도금용),"부산,인천",26040000,3톤/주,2025-06-10
1,알루미늄(서구산),"부산,인천,대구,대전, 전북",3990000,통합50톤/주,2025-06-09
2,알루미늄(비서구산),"부산,인천,대구,전북",3950000,통합50톤/주,2025-06-09
3,구리(99.99%이상),"부산,인천,대구,대전, 전북",15000000,50톤/주 ,2025-06-09
4,납(99.99%이상),"인천,대구,부산",3150000,200톤/주 ,2025-06-09
5,납(99.99%이상),전북,3070000,200톤/주 ,2025-06-09
6,아연,"부산,인천,전북",4210000,15톤/주 ,2025-06-09
7,주석(99.85%이상),"부산,인천,대구,전북",49460000,6톤/주 ,2025-06-09
8,주석(99.90%이상),"부산,인천,대구,전북",49720000,4톤/주 ,2025-06-09
9,니켈(합금용),"부산,인천,대구",25840000,5톤/주 ,2025-06-09
10,니켈(도금용),"부산,인천",26190000,3톤/주,2025-06-09
1,알루미늄(서구산),"부산,인천,대구,대전, 전북",4070000,통합50톤/주,2025-06-05
2,알루미늄(비서구산),"부산,인천,대구,전북",4030000,통합50톤/주,2025-06-05
3,구리(99.99%이상),"부산,인천,대구,대전, 전북",14990000,50톤/주 ,2025-06-05
4,납(99.99%이상),"인천,대구,부산",3200000,200톤/주 ,2025-06-05
5,납(99.99%이상),전북,3120000,200톤/주 ,2025-06-05
6,아연,"부산,인천,전북",4310000,15톤/주 ,2025-06-05
7,주석(99.85%이상),"부산,인천,대구,전북",49210000,6톤/주 ,2025-06-05
8,주석(99.90%이상),"부산,인천,대구,전북",49470000,4톤/주 ,2025-06-05
9,니켈(합금용),"부산,인천,대구",25900000,5톤/주 ,2025-06-05
10,니켈(도금용),"부산,인천",26250000,3톤/주,2025-06-05
1,알루미늄(서구산),"부산,인천,대구,대전, 전북",4060000,통합50톤/주,2025-06-04
2,알루미늄(비서구산),"부산,인천,대구,전북",4010000,통합50톤/주,2025-06-04
3,구리(99.99%이상),"부산,인천,대구,대전, 전북",15050000,50톤/주 ,2025-06-04
4,납(99.99%이상),"인천,대구,부산",3200000,200톤/주 ,2025-06-04
5,납(99.99%이상),전북,3120000,200톤/주 ,2025-06-04
6,아연,"부산,인천,전북",4340000,15톤/주 ,2025-06-04
7,주석(99.85%이상),"부산,인천,대구,전북",48340000,6톤/주 ,2025-06-04
8,주석(99.90%이상),"부산,인천,대구,전북",48610000,4톤/주 ,2025-06-04
9,니켈(합금용),"부산,인천,대구",26010000,5톤/주 ,2025-06-04
10,니켈(도금용),"부산,인천",26370000,3톤/주,2025-06-04
1,알루미늄(서구산),"부산,인천,대구,대전, 전북",4050000,통합50톤/주,2025-06-02
2,알루미늄(비서구산),"부산,인천,대구,전북",4000000,통합50톤/주,2025-06-02
3,구리(99.99%이상),"부산,인천,대구,대전, 전북",14920000,50톤/주 ,2025-06-02
4,납(99.99%이상),"인천,대구,부산",3170000,200톤/주 ,2025-06-02
5,납(99.99%이상),전북,3090000,200톤/주 ,2025-06-02
6,아연,"부산,인천,전북",4230000,15톤/주 ,2025-06-02
7,주석(99.85%이상),"부산,인천,대구,전북",47110000,6톤/주 ,2025-06-02
8,주석(99.90%이상),"부산,인천,대구,전북",47380000,4톤/주 ,2025-06-02
9,니켈(합금용),"부산,인천,대구",25850000,5톤/주 ,2025-06-02
10,니켈(도금용),"부산,인천",26200000,3톤/주,2025-06-02
1,알루미늄(서구산),"부산,인천,대구,대전, 전북",4040000,통합50톤/주,2025-05-30
2,알루미늄(비서구산),"부산,인천,대구,전북",4000000,통합50톤/주,2025-05-30
3,구리(99.99%이상),"부산,인천,대구,대전, 전북",14960000,50톤/주 ,2025-05-30
4,납(99.99%이상),"인천,대구,부산",3170000,200톤/주 ,2025-05-30
5,납(99.99%이상),전북,3090000,200톤/주 ,2025-05-30
6,아연,"부산,인천,전북",4310000,15톤/주 ,2025-05-30
7,주석(99.85%이상),"부산,인천,대구,전북",48240000,6톤/주 ,2025-05-30
8,주석(99.90%이상),"부산,인천,대구,전북",48530000,4톤/주 ,2025-05-30
9,니켈(합금용),"부산,인천,대구",25980000,5톤/주 ,2025-05-30
10,니켈(도금용),"부산,인천",26330000,3톤/주,2025-05-30
1,알루미늄(서구산),"부산,인천,대구,대전, 전북",4080000,통합50톤/주,2025-05-29
2,알루미늄(비서구산),"부산,인천,대구,전북",4040000,통합50톤/주,2025-05-29
3,구리(99.99%이상),"부산,인천,대구,대전, 전북",14950000,50톤/주 ,2025-05-29
4,납(99.99%이상),"인천,대구,부산",3210000,200톤/주 ,2025-05-29
5,납(99.99%이상),전북,3130000,200톤/주 ,2025-05-29
6,아연,"부산,인천,전북",4340000,15톤/주 ,2025-05-29
7,주석(99.85%이상),"부산,인천,대구,전북",48900000,6톤/주 ,2025-05-29
8,주석(99.90%이상),"부산,인천,대구,전북",49180000,4톤/주 ,2025-05-29
9,니켈(합금용),"부산,인천,대구",25440000,5톤/주 ,2025-05-29
10,니켈(도금용),"부산,인천",25790000,3톤/주,2025-05-29
1,알루미늄(서구산),"부산,인천,대구,대전, 전북",4080000,통합50톤/주,2025-05-28
2,알루미늄(비서구산),"부산,인천,대구,전북",4040000,통합50톤/주,2025-05-28
3,구리(99.99%이상),"부산,인천,대구,대전, 전북",14920000,50톤/주 ,2025-05-28
4,납(99.99%이상),"인천,대구,부산",3190000,200톤/주 ,2025-05-28
5,납(99.99%이상),전북,3110000,200톤/주 ,2025-05-28
6,아연,"부산,인천,전북",4340000,15톤/주 ,2025-05-28
7,주석(99.85%이상),"부산,인천,대구,전북",50000000,6톤/주 ,2025-05-28
8,주석(99.90%이상),"부산,인천,대구,전북",50290000,4톤/주 ,2025-05-28
9,니켈(합금용),"부산,인천,대구",25910000,5톤/주 ,2025-05-28
10,니켈(도금용),"부산,인천",26260000,3톤/주,2025-05-28
1,알루미늄(서구산),"부산,인천,대구,대전, 전북",4020000,통합50톤/주,2025-05-27
2,알루미늄(비서구산),"부산,인천,대구,전북",3990000,통합50톤/주,2025-05-27
3,구리(99.99%이상),"부산,인천,대구,대전, 전북",14870000,50톤/주 ,2025-05-27
4,납(99.99%이상),"인천,대구,부산",3190000,200톤/주 ,2025-05-27
5,납(99.99%이상),전북,3110000,200톤/주 ,2025-05-27
6,아연,"인천,대구,전북",4320000,15톤/주 ,2025-05-27
7,주석(99.85%이상),"부산,인천,대구,전북",50120000,6톤/주 ,2025-05-27
8,주석(99.90%이상),"부산,인천,대구,전북",50410000,4톤/주 ,2025-05-27
9,니켈(합금용),"부산,인천,대구",26100000,5톤/주 ,2025-05-27
10,니켈(도금용),"부산,인천",26450000,3톤/주,2025-05-27
11,인듐(대여),인천,611770150,0톤/주 ,2025-05-27
1,알루미늄(서구산),"부산,인천,대구,대전, 전북",4060000,통합50톤/주,2025-05-26
2,알루미늄(비서구산),"부산,인천,대구,전북",4020000,통합50톤/주,2025-05-26
3,구리(99.99%이상),"부산,인천,대구,대전, 전북",14990000,50톤/주 ,2025-05-26
4,납(99.99%이상),"인천,대구,부산",3220000,200톤/주 ,2025-05-26
5,납(99.99%이상),전북,3140000,200톤/주 ,2025-05-26
6,아연,"인천,대구,전북",4350000,15톤/주 ,2025-05-26
7,주석(99.85%이상),"부산,인천,대구,전북",50540000,6톤/주 ,2025-05-26
8,주석(99.90%이상),"부산,인천,대구,전북",50820000,4톤/주 ,2025-05-26
9,니켈(합금용),"부산,인천,대구",26310000,5톤/주 ,2025-05-26
10,니켈(도금용),"부산,인천",26670000,3톤/주,2025-05-26
11,인듐(대여),인천,611770150,0톤/주 ,2025-05-26
1,알루미늄(서구산),"부산,인천,대구,대전, 전북",4060000,통합50톤/주,2025-05-23
2,알루미늄(비서구산),"부산,인천,대구,전북",4020000,통합50톤/주,2025-05-23
3,구리(99.99%이상),"부산,인천,대구,대전, 전북",14860000,50톤/주 ,2025-05-23
4,납(99.99%이상),"인천,대구,부산",3190000,200톤/주 ,2025-05-23
5,납(99.99%이상),전북,3110000,200톤/주 ,2025-05-23
6,아연,"인천,대구,전북",4360000,15톤/주 ,2025-05-23
7,주석(99.85%이상),"부산,인천,대구,전북",50070000,6톤/주 ,2025-05-23
8,주석(99.90%이상),"부산,인천,대구,전북",50360000,4톤/주 ,2025-05-23
9,니켈(합금용),"부산,인천,대구",26260000,5톤/주 ,2025-05-23
10,니켈(도금용),"부산,인천",26620000,3톤/주,2025-05-23
11,인듐(대여),인천,578224530,0톤/주 ,2025-05-23
1,알루미늄(서구산),"부산,인천,대구,대전, 전북",4110000,통합50톤/주,2025-05-22
2,알루미늄(비서구산),"부산,인천,대구,전북",4070000,통합50톤/주,2025-05-22
3,구리(99.99%이상),"부산,인천,대구,대전, 전북",14970000,50톤/주 ,2025-05-22
4,납(99.99%이상),"인천,대구,부산",3210000,200톤/주 ,2025-05-22
5,납(99.99%이상),전북,3130000,200톤/주 ,2025-05-22
6,아연,"인천,대구,전북",4370000,15톤/주 ,2025-05-22
7,주석(99.85%이상),"부산,인천,대구,전북",51060000,6톤/주 ,2025-05-22
8,주석(99.90%이상),"부산,인천,대구,전북",51350000,4톤/주 ,2025-05-22
9,니켈(합금용),"부산,인천,대구",26530000,5톤/주 ,2025-05-22
10,니켈(도금용),"부산,인천",26890000,3톤/주,2025-05-22
11,인듐(대여),인천,578224530,0톤/주 ,2025-05-22
1,알루미늄(서구산),"부산,인천,대구,대전, 전북",4130000,통합50톤/주,2025-05-21
2,알루미늄(비서구산),"부산,인천,대구,전북",4090000,통합50톤/주,2025-05-21
3,구리(99.99%이상),"부산,인천,대구,대전, 전북",14990000,50톤/주 ,2025-05-21
4,납(99.99%이상),"인천,대구,부산",3230000,200톤/주 ,2025-05-21
5,납(99.99%이상),전북,3150000,200톤/주 ,2025-05-21
6,아연,"인천,대구,전북",4410000,15톤/주 ,2025-05-21
7,주석(99.85%이상),"부산,인천,대구,전북",51710000,6톤/주 ,2025-05-21
8,주석(99.90%이상),"부산,인천,대구,전북",52000000,4톤/주 ,2025-05-21
9,니켈(합금용),"부산,인천,대구",26490000,5톤/주 ,2025-05-21
10,니켈(도금용),"부산,인천",26850000,3톤/주,2025-05-21
11,인듐(대여),인천,578224530,0톤/주 ,2025-05-21
1,알루미늄(서구산),"부산,인천,대구,대전, 전북",4110000,통합50톤/주,2025-05-20
2,알루미늄(비서구산),"부산,인천,대구,전북",4080000,통합50톤/주,2025-05-20
3,구리(99.99%이상),"부산,인천,대구,대전, 전북",15080000,50톤/주 ,2025-05-20
4,납(99.99%이상),"인천,대구,부산",3220000,200톤/주 ,2025-05-20
5,납(99.99%이상),전북,3140000,200톤/주 ,2025-05-20
6,아연,"인천,대구,전북",4370000,15톤/주 ,2025-05-20
7,주석(99.85%이상),"부산,인천,대구,전북",51600000,6톤/주 ,2025-05-20
8,주석(99.90%이상),"부산,인천,대구,전북",51890000,4톤/주 ,2025-05-20
9,니켈(합금용),"부산,인천,대구",26670000,5톤/주 ,2025-05-20
10,니켈(도금용),"부산,인천",27030000,3톤/주,2025-05-20
11,인듐(대여),인천,578224530,0톤/주 ,2025-05-20
1,알루미늄(서구산),"부산,인천,대구,대전, 전북",4150000,통합50톤/주,2025-05-19
2,알루미늄(비서구산),"부산,인천,대구,전북",4110000,통합50톤/주,2025-05-19
3,구리(99.99%이상),"부산,인천,대구,대전, 전북",14900000,50톤/주 ,2025-05-19
4,납(99.99%이상),"인천,대구,부산",3280000,200톤/주 ,2025-05-19
5,납(99.99%이상),전북,3200000,200톤/주 ,2025-05-19
6,아연,"인천,대구,전북",4380000,15톤/주 ,2025-05-19
7,주석(99.85%이상),"부산,인천,대구,전북",51130000,6톤/주 ,2025-05-19
8,주석(99.90%이상),"부산,인천,대구,전북",51420000,4톤/주 ,2025-05-19
9,니켈(합금용),"부산,인천,대구",26660000,5톤/주 ,2025-05-19
10,니켈(도금용),"부산,인천",27020000,3톤/주,2025-05-19
11,인듐(대여),인천,578224530,0톤/주 ,2025-05-19
1,알루미늄(서구산),"부산,인천,대구,대전, 전북",4160000,통합50톤/주,2025-05-16
2,알루미늄(비서구산),"부산,인천,대구,전북",4120000,통합50톤/주,2025-05-16
3,구리(99.99%이상),"부산,인천,대구,대전, 전북",15160000,50톤/주 ,2025-05-16
4,납(99.99%이상),"인천,대구,부산",3300000,200톤/주 ,2025-05-16
5,납(99.99%이상),전북,3220000,200톤/주 ,2025-05-16
6,아연,"인천,대구,전북",4450000,15톤/주 ,2025-05-16
7,주석(99.85%이상),"부산,인천,대구,전북",51480000,6톤/주 ,2025-05-16
8,주석(99.90%이상),"부산,인천,대구,전북",51770000,4톤/주 ,2025-05-16
9,니켈(합금용),"부산,인천,대구",26990000,5톤/주 ,2025-05-16
10,니켈(도금용),"부산,인천",27350000,3톤/주,2025-05-16
11,인듐(대여),인천,575630860,0톤/주 ,2025-05-16
1,알루미늄(서구산),"부산,인천,대구,대전, 전북",4300000,통합50톤/주,2025-05-15
2,알루미늄(비서구산),"부산,인천,대구,전북",4260000,통합50톤/주,2025-05-15
3,구리(99.99%이상),"부산,인천,대구,대전, 전북",15450000,50톤/주 ,2025-05-15
4,납(99.99%이상),"인천,대구,부산",3350000,200톤/주 ,2025-05-15
5,납(99.99%이상),전북,3260000,200톤/주 ,2025-05-15
6,아연,"인천,대구,전북",4590000,15톤/주 ,2025-05-15
7,주석(99.85%이상),"부산,인천,대구,전북",52260000,6톤/주 ,2025-05-15
8,주석(99.90%이상),"부산,인천,대구,전북",52560000,4톤/주 ,2025-05-15
9,니켈(합금용),"부산,인천,대구",27590000,5톤/주 ,2025-05-15
10,니켈(도금용),"부산,인천",27960000,3톤/주,2025-05-15
11,인듐(대여),인천,575630860,0톤/주 ,2025-05-15
1,알루미늄(서구산),"부산,인천,대구,대전, 전북",4230000,통합50톤/주,2025-05-14
2,알루미늄(비서구산),"부산,인천,대구,전북",4190000,통합50톤/주,2025-05-14
3,구리(99.99%이상),"부산,인천,대구,대전, 전북",15400000,50톤/주 ,2025-05-14
4,납(99.99%이상),"인천,대구,부산",3330000,200톤/주 ,2025-05-14
5,납(99.99%이상),전북,3250000,200톤/주 ,2025-05-14
6,아연,"인천,대구,전북",4480000,15톤/주 ,2025-05-14
7,주석(99.85%이상),"부산,인천,대구,전북",52050000,6톤/주 ,2025-05-14
8,주석(99.90%이상),"부산,인천,대구,전북",52350000,4톤/주 ,2025-05-14
9,니켈(합금용),"부산,인천,대구",27300000,5톤/주 ,2025-05-14
10,니켈(도금용),"부산,인천",27660000,3톤/주,2025-05-14
11,인듐(대여),인천,575630860,0톤/주 ,2025-05-14
1,알루미늄(서구산),"부산,인천,대구,대전, 전북",4160000,통합50톤/주,2025-05-13
2,알루미늄(비서구산),"부산,인천,대구,전북",4130000,통합50톤/주,2025-05-13
3,구리(99.99%이상),"부산,인천,대구,대전, 전북",15130000,50톤/주 ,2025-05-13
4,납(99.99%이상),"인천,대구,부산",3300000,200톤/주 ,2025-05-13
5,납(99.99%이상),전북,3210000,200톤/주 ,2025-05-13
6,주석(99.85%이상),"부산,인천,대구,전북",51370000,6톤/주 ,2025-05-13
7,주석(99.90%이상),"부산,인천,대구,전북",51670000,4톤/주 ,2025-05-13
8,니켈(합금용),"부산,인천,대구",26870000,5톤/주 ,2025-05-13
9,니켈(도금용),"부산,인천",27240000,3톤/주,2025-05-13
10,인듐(대여),인천,575630860,0톤/주 ,2025-05-13
1,알루미늄(서구산),"부산,인천,대구,대전, 전북",4050000,통합50톤/주,2025-05-12
2,알루미늄(비서구산),"부산,인천,대구,전북",4020000,통합50톤/주,2025-05-12
3,구리(99.99%이상),"부산,인천,대구,대전, 전북",15030000,50톤/주 ,2025-05-12
4,납(99.99%이상),"인천,대구,부산",3290000,200톤/주 ,2025-05-12
5,납(99.99%이상),전북,3210000,200톤/주 ,2025-05-12
6,주석(99.85%이상),"부산,인천,대구,전북",50130000,6톤/주 ,2025-05-12
7,주석(99.90%이상),"부산,인천,대구,전북",50430000,4톤/주 ,2025-05-12
8,니켈(합금용),"부산,인천,대구",27110000,5톤/주 ,2025-05-12
9,니켈(도금용),"부산,인천",27470000,3톤/주,2025-05-12
10,인듐(대여),인천,575630860,0톤/주 ,2025-05-12
1,알루미늄(서구산),"부산,인천,대구,대전, 전북",4040000,통합50톤/주,2025-05-09
2,알루미늄(비서구산),"부산,인천,대구,전북",4000000,통합50톤/주,2025-05-09
3,구리(99.99%이상),"부산,인천,대구,대전, 전북",14970000,50톤/주 ,2025-05-09
4,납(99.99%이상),"인천,대구,부산",3210000,200톤/주 ,2025-05-09
5,납(99.99%이상),전북,3130000,200톤/주 ,2025-05-09
6,아연,"인천,대구,전북",4270000,15톤/주 ,2025-05-09
7,주석(99.85%이상),"부산,인천,대구,전북",49820000,6톤/주 ,2025-05-09
8,주석(99.90%이상),"부산,인천,대구,전북",50110000,4톤/주 ,2025-05-09
9,니켈(합금용),"부산,인천,대구",26650000,5톤/주 ,2025-05-09
10,니켈(도금용),"부산,인천",27010000,3톤/주,2025-05-09
11,인듐(대여),인천,595206510,0톤/주 ,2025-05-09
1,알루미늄(서구산),"부산,인천,대구,대전, 전북",3970000,통합50톤/주,2025-05-08
2,알루미늄(비서구산),"부산,인천,대구,전북",3930000,통합50톤/주,2025-05-08
3,구리(99.99%이상),"부산,인천,대구,대전, 전북",14930000,50톤/주 ,2025-05-08
4,납(99.99%이상),"인천,대구,부산",3220000,200톤/주 ,2025-05-08
5,납(99.99%이상),전북,3140000,200톤/주 ,2025-05-08
6,주석(99.85%이상),"부산,인천,대구,전북",49490000,6톤/주 ,2025-05-08
7,주석(99.90%이상),"부산,인천,대구,전북",49780000,4톤/주 ,2025-05-08
8,니켈(합금용),"부산,인천,대구",26650000,5톤/주 ,2025-05-08
9,니켈(도금용),"부산,인천",27010000,3톤/주,2025-05-08
10,인듐(대여),인천,595206510,0톤/주 ,2025-05-08
1,알루미늄(서구산),"부산,인천,대구,대전, 전북",4060000,통합50톤/주,2025-05-07
2,알루미늄(비서구산),"부산,인천,대구,전북",4020000,통합50톤/주,2025-05-07
3,구리(99.99%이상),"부산,인천,대구,대전, 전북",15190000,50톤/주 ,2025-05-07
4,납(99.99%이상),"인천,대구,부산",3180000,200톤/주 ,2025-05-07
5,납(99.99%이상),전북,3100000,200톤/주 ,2025-05-07
6,주석(99.85%이상),"부산,인천,대구,전북",50280000,6톤/주 ,2025-05-07
7,주석(99.90%이상),"부산,인천,대구,전북",50580000,4톤/주 ,2025-05-07
8,니켈(합금용),"부산,인천,대구",27020000,5톤/주 ,2025-05-07
9,니켈(도금용),"부산,인천",27380000,3톤/주,2025-05-07
10,인듐(대여),인천,595206510,0톤/주 ,2025-05-07
1,알루미늄(서구산),"부산,인천,대구,대전, 전북",4090000,통합50톤/주,2025-05-02
2,알루미늄(비서구산),"부산,인천,대구,전북",4060000,통합50톤/주,2025-05-02
3,구리(99.99%이상),"부산,인천,대구,대전, 전북",14860000,50톤/주 ,2025-05-02
4,납(99.99%이상),"인천,대구,부산",3270000,200톤/주 ,2025-05-02
5,납(99.99%이상),전북,3190000,200톤/주 ,2025-05-02
6,주석(99.85%이상),"부산,인천,대구,전북",47350000,6톤/주 ,2025-05-02
7,주석(99.90%이상),"부산,인천,대구,전북",47650000,4톤/주 ,2025-05-02
8,니켈(합금용),"부산,인천,대구",26640000,5톤/주 ,2025-05-02
9,니켈(도금용),"부산,인천",27010000,3톤/주,2025-05-02
10,인듐(대여),인천,595123060,0톤/주 ,2025-05-02
1,알루미늄(서구산),"부산,인천,대구,대전, 전북",4060000,통합50톤/주,2025-05-01
2,알루미늄(비서구산),"부산,인천,대구,전북",4020000,통합50톤/주,2025-05-01
3,구리(99.99%이상),"부산,인천,대구,대전, 전북",14670000,50톤/주 ,2025-05-01
4,납(99.99%이상),"인천,대구,부산",3280000,200톤/주 ,2025-05-01
5,납(99.99%이상),전북,3200000,200톤/주 ,2025-05-01
6,주석(99.85%이상),"부산,인천,대구,전북",49810000,6톤/주 ,2025-05-01
7,주석(99.90%이상),"부산,인천,대구,전북",50100000,4톤/주 ,2025-05-01
8,니켈(합금용),"부산,인천,대구",26890000,5톤/주 ,2025-05-01
9,니켈(도금용),"부산,인천",27260000,3톤/주,2025-05-01
10,인듐(대여),인천,595123060,0톤/주 ,2025-05-01
1,알루미늄(서구산),"부산,인천,대구,대전, 전북",4240000,통합50톤/주,2025-04-30
2,알루미늄(비서구산),"부산,인천,대구,전북",4180000,통합50톤/주,2025-04-30
3,구리(99.99%이상),"부산,인천,대구,대전, 전북",15380000,50톤/주 ,2025-04-30
4,납(99.99%이상),"인천,대구,부산",3350000,200톤/주 ,2025-04-30
5,납(99.99%이상),전북,3270000,200톤/주 ,2025-04-30
6,아연,"인천,대구,전북",4350000,10톤/주 ,2025-04-30
7,주석(99.85%이상),"부산,인천,대구,전북",51130000,6톤/주 ,2025-04-30
8,주석(99.90%이상),"부산,인천,대구,전북",51240000,4톤/주 ,2025-04-30
9,니켈(합금용),"부산,인천,대구",27410000,5톤/주 ,2025-04-30
10,니켈(도금용),"부산,인천",27780000,3톤/주,2025-04-30
11,인듐(대여),인천,595123060,0톤/주 ,2025-04-30
1,알루미늄(서구산),"부산,인천,대구,대전, 전북",4200000,통합50톤/주,2025-04-29
2,알루미늄(비서구산),"부산,인천,대구,전북",4140000,통합50톤/주,2025-04-29
3,구리(99.99%이상),"부산,인천,대구,대전, 전북",15400000,50톤/주 ,2025-04-29
4,납(99.99%이상),"인천,대구,부산",3340000,200톤/주 ,2025-04-29
5,납(99.99%이상),전북,3260000,200톤/주 ,2025-04-29
6,주석(99.85%이상),"부산,인천,대구,전북",51480000,6톤/주 ,2025-04-29
7,주석(99.90%이상),"부산,인천,대구,전북",51590000,4톤/주 ,2025-04-29
8,니켈(합금용),"부산,인천,대구",27610000,5톤/주 ,2025-04-29
9,니켈(도금용),"부산,인천",27980000,3톤/주,2025-04-29
10,인듐(대여),인천,595123060,0톤/주 ,2025-04-29
1,알루미늄(서구산),"부산,인천,대구,대전, 전북",4170000,통합50톤/주,2025-04-28
2,알루미늄(비서구산),"부산,인천,대구,전북",4120000,통합50톤/주,2025-04-28
3,구리(99.99%이상),"부산,인천,대구,대전, 전북",15280000,50톤/주 ,2025-04-28
4,납(99.99%이상),"인천,대구,부산",3290000,200톤/주 ,2025-04-28
5,납(99.99%이상),전북,3200000,200톤/주 ,2025-04-28
6,주석(99.85%이상),"부산,인천,대구,전북",51200000,6톤/주 ,2025-04-28
7,주석(99.90%이상),"부산,인천,대구,전북",51310000,4톤/주 ,2025-04-28
8,니켈(합금용),"부산,인천,대구",27380000,5톤/주 ,2025-04-28
9,니켈(도금용),"부산,인천",27760000,3톤/주,2025-04-28
10,인듐(대여),인천,595123060,0톤/주 ,2025-04-28
1,알루미늄(서구산),"부산,인천,대구,대전, 전북",4210000,통합50톤/주,2025-04-25
2,알루미늄(비서구산),"부산,인천,대구,전북",4150000,통합50톤/주,2025-04-25
3,구리(99.99%이상),"부산,인천,대구,대전, 전북",15300000,50톤/주 ,2025-04-25
4,납(99.99%이상),"인천,대구,부산",3300000,200톤/주 ,2025-04-25
5,납(99.99%이상),전북,3220000,200톤/주 ,2025-04-25
6,주석(99.85%이상),"부산,인천,대구,전북",50800000,6톤/주 ,2025-04-25
7,주석(99.90%이상),"부산,인천,대구,전북",50920000,4톤/주 ,2025-04-25
8,니켈(합금용),"부산,인천,대구",27790000,5톤/주 ,2025-04-25
9,니켈(도금용),"부산,인천",28160000,3톤/주,2025-04-25
10,인듐(대여),인천,593996570,0톤/주 ,2025-04-25
1,알루미늄(서구산),"부산,인천,대구,대전, 전북",4130000,통합50톤/주,2025-04-24
2,알루미늄(비서구산),"부산,인천,대구,전북",4080000,통합50톤/주,2025-04-24
3,구리(99.99%이상),"부산,인천,대구,대전, 전북",15090000,50톤/주 ,2025-04-24
4,납(99.99%이상),"인천,대구,부산",3250000,200톤/주 ,2025-04-24
5,납(99.99%이상),전북,3170000,200톤/주 ,2025-04-24
6,주석(99.85%이상),"부산,인천,대구,전북",49520000,6톤/주 ,2025-04-24
7,주석(99.90%이상),"부산,인천,대구,전북",49630000,4톤/주 ,2025-04-24
8,니켈(합금용),"부산,인천,대구",27250000,5톤/주 ,2025-04-24
9,니켈(도금용),"부산,인천",27620000,3톤/주,2025-04-24
10,인듐(대여),인천,593996570,0톤/주 ,2025-04-24
1,알루미늄(서구산),"부산,인천,대구,대전, 전북",4050000,통합50톤/주,2025-04-23
2,알루미늄(비서구산),"부산,인천,대구,전북",4000000,통합50톤/주,2025-04-23
3,구리(99.99%이상),"부산,인천,대구,대전, 전북",15080000,50톤/주 ,2025-04-23
4,납(99.99%이상),"인천,대구,부산",3220000,200톤/주 ,2025-04-23
5,납(99.99%이상),전북,3140000,200톤/주 ,2025-04-23
6,아연,"부산,인천,대구,전북",4200000,15톤/주 ,2025-04-23
7,주석(99.85%이상),"부산,인천,대구,전북",49220000,6톤/주 ,2025-04-23
8,주석(99.90%이상),"부산,인천,대구,전북",49330000,4톤/주 ,2025-04-23
9,니켈(합금용),"부산,인천,대구",27280000,5톤/주 ,2025-04-23
10,니켈(도금용),"부산,인천",27650000,3톤/주,2025-04-23
11,인듐(대여),인천,593996570,0톤/주 ,2025-04-23
1,알루미늄(서구산),"부산,인천,대구,대전, 전북",4020000,통합50톤/주,2025-04-22
2,알루미늄(비서구산),"부산,인천,대구,전북",3970000,통합50톤/주,2025-04-22
3,구리(99.99%이상),"부산,인천,대구,대전, 전북",14760000,50톤/주 ,2025-04-22
4,납(99.99%이상),"인천,대구,부산",3220000,200톤/주 ,2025-04-22
5,납(99.99%이상),전북,3140000,200톤/주 ,2025-04-22
6,주석(99.85%이상),"부산,인천,대구,전북",48370000,6톤/주 ,2025-04-22
7,주석(99.90%이상),"부산,인천,대구,전북",48470000,4톤/주 ,2025-04-22
8,니켈(합금용),"부산,인천,대구",27170000,5톤/주 ,2025-04-22
9,니켈(도금용),"부산,인천",27540000,3톤/주,2025-04-22
10,인듐(대여),인천,593996570,0톤/주 ,2025-04-22
1,알루미늄(서구산),"부산,인천,대구,대전, 전북",4030000,통합50톤/주,2025-04-21
2,알루미늄(비서구산),"부산,인천,대구,전북",3980000,통합50톤/주,2025-04-21
3,구리(99.99%이상),"부산,인천,대구,대전, 전북",14810000,50톤/주 ,2025-04-21
4,납(99.99%이상),"인천,대구,부산",3230000,200톤/주 ,2025-04-21
5,납(99.99%이상),전북,3140000,200톤/주 ,2025-04-21
6,주석(99.85%이상),"부산,인천,대구,전북",48510000,6톤/주 ,2025-04-21
7,주석(99.90%이상),"부산,인천,대구,전북",48620000,4톤/주 ,2025-04-21
8,니켈(합금용),"부산,인천,대구",27250000,5톤/주 ,2025-04-21
9,니켈(도금용),"부산,인천",27620000,3톤/주,2025-04-21
10,인듐(대여),인천,593996570,0톤/주 ,2025-04-21
1,알루미늄(서구산),"부산,인천,대구,대전, 전북",4020000,통합50톤/주,2025-04-18
2,알루미늄(비서구산),"부산,인천,대구,전북",3970000,통합50톤/주,2025-04-18
3,구리(99.99%이상),"부산,인천,대구,대전, 전북",14760000,50톤/주 ,2025-04-18
4,납(99.99%이상),"인천,대구,부산",3220000,200톤/주 ,2025-04-18
5,납(99.99%이상),전북,3130000,200톤/주 ,2025-04-18
6,주석(99.85%이상),"부산,인천,대구,전북",48360000,6톤/주 ,2025-04-18
7,주석(99.90%이상),"부산,인천,대구,전북",48470000,4톤/주 ,2025-04-18
8,니켈(합금용),"부산,인천,대구",27170000,5톤/주 ,2025-04-18
9,니켈(도금용),"부산,인천",27530000,3톤/주,2025-04-18
10,인듐(대여),인천,611770150,0톤/주 ,2025-04-18
1,알루미늄(서구산),"부산,인천,대구,대전, 전북",4070000,통합50톤/주,2025-04-17
2,알루미늄(비서구산),"부산,인천,대구,전북",4010000,통합50톤/주,2025-04-17
3,구리(99.99%이상),"부산,인천,대구,대전, 전북",14860000,50톤/주 ,2025-04-17
4,납(99.99%이상),"인천,대구,부산",3210000,200톤/주 ,2025-04-17
5,납(99.99%이상),전북,3130000,200톤/주 ,2025-04-17
6,아연,"부산,인천,대구,전북",4220000,15톤/주 ,2025-04-17
7,주석(99.85%이상),"부산,인천,대구,전북",48850000,6톤/주 ,2025-04-17
8,주석(99.90%이상),"부산,인천,대구,전북",48960000,4톤/주 ,2025-04-17
9,니켈(합금용),"부산,인천,대구",27410000,5톤/주 ,2025-04-17
10,니켈(도금용),"부산,인천",27780000,3톤/주,2025-04-17
11,인듐(대여),인천,611770150,0톤/주 ,2025-04-17
1,알루미늄(서구산),"부산,인천,대구,대전, 전북",4040000,통합50톤/주,2025-04-16
2,알루미늄(비서구산),"부산,인천,대구,전북",3990000,통합50톤/주,2025-04-16
3,구리(99.99%이상),"부산,인천,대구,대전, 전북",14760000,50톤/주 ,2025-04-16
4,납(99.99%이상),"인천,대구,부산",3210000,200톤/주 ,2025-04-16
5,납(99.99%이상),전북,3130000,200톤/주 ,2025-04-16
6,아연,"부산,인천,대구,전북",4280000,15톤/주 ,2025-04-16
7,주석(99.85%이상),"부산,인천,대구,전북",49160000,6톤/주 ,2025-04-16
8,주석(99.90%이상),"부산,인천,대구,전북",49270000,4톤/주 ,2025-04-16
9,니켈(합금용),"부산,인천,대구",27170000,5톤/주 ,2025-04-16
10,니켈(도금용),"부산,인천",27540000,3톤/주,2025-04-16
11,인듐(대여),인천,611770150,0톤/주 ,2025-04-16
1,알루미늄(서구산),"부산,인천,대구,대전, 전북",4040000,통합50톤/주,2025-04-15
2,알루미늄(비서구산),"부산,인천,대구,전북",3980000,통합50톤/주,2025-04-15
3,구리(99.99%이상),"부산,인천,대구,대전, 전북",14810000,50톤/주 ,2025-04-15
4,납(99.99%이상),"인천,대구,부산",3210000,200톤/주 ,2025-04-15
5,납(99.99%이상),전북,3130000,200톤/주 ,2025-04-15
6,주석(99.85%이상),"부산,인천,대구,전북",49420000,6톤/주 ,2025-04-15
7,주석(99.90%이상),"부산,인천,대구,전북",49530000,4톤/주 ,2025-04-15
8,니켈(합금용),"부산,인천,대구",26760000,5톤/주 ,2025-04-15
9,니켈(도금용),"부산,인천",27120000,3톤/주,2025-04-15
10,인듐(대여),인천,611770150,0톤/주 ,2025-04-15
1,알루미늄(서구산),"부산,인천,대구,대전, 전북",4150000,통합50톤/주,2025-04-14
2,알루미늄(비서구산),"부산,인천,대구,전북",4100000,통합50톤/주,2025-04-14
3,구리(99.99%이상),"부산,인천,대구,대전, 전북",15130000,50톤/주 ,2025-04-14
4,납(99.99%이상),"인천,대구,부산",3260000,200톤/주 ,2025-04-14
5,납(99.99%이상),전북,3180000,200톤/주 ,2025-04-14
6,주석(99.85%이상),"부산,인천,대구,전북",50360000,6톤/주 ,2025-04-14
7,주석(99.90%이상),"부산,인천,대구,전북",50480000,4톤/주 ,2025-04-14
8,니켈(합금용),"부산,인천,대구",26870000,5톤/주 ,2025-04-14
9,니켈(도금용),"부산,인천",27250000,3톤/주,2025-04-14
10,인듐(대여),인천,611770150,0톤/주 ,2025-04-14
1,알루미늄(서구산),"부산,인천,대구,대전, 전북",4130000,통합50톤/주,2025-04-11
2,알루미늄(비서구산),"부산,인천,대구,전북",4070000,통합50톤/주,2025-04-11
3,구리(99.99%이상),"부산,인천,대구,대전, 전북",14900000,50톤/주 ,2025-04-11
4,납(99.99%이상),"인천,대구,부산",3240000,200톤/주 ,2025-04-11
5,납(99.99%이상),전북,3160000,200톤/주 ,2025-04-11
6,주석(99.85%이상),"부산,인천,대구,전북",49860000,6톤/주 ,2025-04-11
7,주석(99.90%이상),"부산,인천,대구,전북",49970000,4톤/주 ,2025-04-11
8,니켈(합금용),"부산,인천,대구",26560000,5톤/주 ,2025-04-11
9,니켈(도금용),"부산,인천",26930000,3톤/주,2025-04-11
10,인듐(대여),인천,610184720,0톤/주 ,2025-04-11
1,알루미늄(서구산),"부산,인천,대구,대전, 전북",4110000,통합50톤/주,2025-04-10
2,알루미늄(비서구산),"부산,인천,대구,전북",4060000,통합50톤/주,2025-04-10
3,구리(99.99%이상),"부산,인천,대구,대전, 전북",14470000,50톤/주 ,2025-04-10
4,납(99.99%이상),"인천,대구,부산",3210000,200톤/주 ,2025-04-10
5,납(99.99%이상),전북,3130000,200톤/주 ,2025-04-10
6,주석(99.85%이상),"부산,인천,대구,전북",49470000,6톤/주 ,2025-04-10
7,주석(99.90%이상),"부산,인천,대구,전북",49580000,4톤/주 ,2025-04-10
8,니켈(합금용),"부산,인천,대구",25890000,5톤/주 ,2025-04-10
9,니켈(도금용),"부산,인천",26270000,3톤/주,2025-04-10
10,인듐(대여),인천,610184720,0톤/주 ,2025-04-10
1,알루미늄(서구산),"부산,인천,대구,대전, 전북",4130000,통합50톤/주,2025-04-09
2,알루미늄(비서구산),"부산,인천,대구,전북",4080000,통합50톤/주,2025-04-09
3,구리(99.99%이상),"부산,인천,대구,대전, 전북",14450000,50톤/주 ,2025-04-09
4,납(99.99%이상),"인천,대구,부산",3230000,200톤/주 ,2025-04-09
5,납(99.99%이상),전북,3150000,200톤/주 ,2025-04-09
6,아연,"부산,인천,대구,전북",4340000,15톤/주 ,2025-04-09
7,주석(99.85%이상),"부산,인천,대구,전북",53880000,6톤/주 ,2025-04-09
8,주석(99.90%이상),"부산,인천,대구,전북",53990000,4톤/주 ,2025-04-09
9,니켈(합금용),"부산,인천,대구",25850000,5톤/주 ,2025-04-09
10,니켈(도금용),"부산,인천",26230000,3톤/주,2025-04-09
11,인듐(대여),인천,610184720,0톤/주 ,2025-04-09
1,알루미늄(서구산),"부산,인천,대구,대전, 전북",4160000,통합50톤/주,2025-04-08
2,구리(99.99%이상),"부산,인천,대구,대전, 전북",14510000,50톤/주 ,2025-04-08
3,납(99.99%이상),"인천,대구,부산",3220000,200톤/주 ,2025-04-08
4,납(99.99%이상),전북,3140000,200톤/주 ,2025-04-08
5,주석(99.85%이상),"부산,인천,대구,전북",56120000,6톤/주 ,2025-04-08
6,주석(99.90%이상),"부산,인천,대구,전북",56230000,4톤/주 ,2025-04-08
7,니켈(합금용),"부산,인천,대구",26050000,5톤/주 ,2025-04-08
8,니켈(도금용),"부산,인천",26430000,3톤/주,2025-04-08
9,인듐(대여),인천,610184720,0톤/주 ,2025-04-08
1,알루미늄(서구산),"부산,인천,대구,대전, 전북",4090000,통합50톤/주,2025-04-07
2,알루미늄(비서구산),"부산,인천,대구,전북",4030000,통합50톤/주,2025-04-07
3,구리(99.99%이상),"부산,인천,대구,대전, 전북",14220000,50톤/주 ,2025-04-07
4,납(99.99%이상),"인천,대구,부산",3200000,200톤/주 ,2025-04-07
5,납(99.99%이상),전북,3120000,200톤/주 ,2025-04-07
6,주석(99.85%이상),"부산,인천,대구,전북",57150000,6톤/주 ,2025-04-07
7,주석(99.90%이상),"부산,인천,대구,전북",57270000,4톤/주 ,2025-04-07
8,니켈(합금용),"부산,인천,대구",26060000,5톤/주 ,2025-04-07
9,니켈(도금용),"부산,인천",26430000,3톤/주,2025-04-07
10,인듐(대여),인천,610184720,0톤/주 ,2025-04-07
1,알루미늄(서구산),"부산,인천,대구,대전, 전북",4300000,통합50톤/주,2025-04-04
2,알루미늄(비서구산),"부산,인천,대구,전북",4250000,통합50톤/주,2025-04-04
3,구리(99.99%이상),"부산,인천,대구,대전, 전북",15520000,50톤/주 ,2025-04-04
4,납(99.99%이상),"인천,대구,부산",3360000,200톤/주 ,2025-04-04
5,납(99.99%이상),전북,3280000,200톤/주 ,2025-04-04
6,아연,"부산,인천,대구,전북",4560000,15톤/주 ,2025-04-04
7,주석(99.85%이상),"부산,인천,대구,전북",61610000,6톤/주 ,2025-04-04
8,주석(99.90%이상),"부산,인천,대구,전북",61720000,4톤/주 ,2025-04-04
9,니켈(합금용),"부산,인천,대구",28250000,5톤/주 ,2025-04-04
10,니켈(도금용),"부산,인천",28630000,3톤/주,2025-04-04
11,인듐(대여),인천,603955420,0톤/주 ,2025-04-04
1,알루미늄(서구산),"부산,인천,대구,대전, 전북",4370000,통합50톤/주,2025-04-03
2,알루미늄(비서구산),"부산,인천,대구,전북",4320000,통합50톤/주,2025-04-03
3,구리(99.99%이상),"부산,인천,대구,대전, 전북",16050000,50톤/주 ,2025-04-03
4,납(99.99%이상),"인천,대구,부산",3380000,200톤/주 ,2025-04-03
5,납(99.99%이상),전북,3300000,200톤/주 ,2025-04-03
6,아연,"부산,인천,대구,전북",4660000,15톤/주 ,2025-04-03
7,주석(99.85%이상),"부산,인천,대구,전북",62420000,6톤/주 ,2025-04-03
8,주석(99.90%이상),"부산,인천,대구,전북",62540000,4톤/주 ,2025-04-03
9,니켈(합금용),"부산,인천,대구",28610000,5톤/주 ,2025-04-03
10,니켈(도금용),"부산,인천",28990000,3톤/주,2025-04-03
11,인듐(대여),인천,603955420,0톤/주 ,2025-04-03
1,알루미늄(서구산),"부산,인천,대구,대전, 전북",4420000,통합50톤/주,2025-04-02
2,알루미늄(비서구산),"부산,인천,대구,전북",4370000,통합50톤/주,2025-04-02
3,구리(99.99%이상),"부산,인천,대구,대전, 전북",16100000,50톤/주 ,2025-04-02
4,납(99.99%이상),"인천,대구,부산",3430000,200톤/주 ,2025-04-02
5,납(99.99%이상),전북,3340000,200톤/주 ,2025-04-02
6,아연,"부산,인천,대구,전북",4740000,15톤/주 ,2025-04-02
7,주석(99.85%이상),"부산,인천,대구,전북",62090000,6톤/주 ,2025-04-02
8,주석(99.90%이상),"부산,인천,대구,전북",62200000,4톤/주 ,2025-04-02
9,니켈(합금용),"부산,인천,대구",28940000,5톤/주 ,2025-04-02
10,니켈(도금용),"부산,인천",29320000,3톤/주,2025-04-02
11,인듐(대여),인천,603955420,0톤/주 ,2025-04-02
1,알루미늄(서구산),"부산,인천,대구,대전, 전북",4480000,통합50톤/주,2025-04-01
2,구리(99.99%이상),"부산,인천,대구,대전, 전북",16130000,50톤/주 ,2025-04-01
3,납(99.99%이상),"인천,대구,부산",3460000,200톤/주 ,2025-04-01
4,납(99.99%이상),전북,3380000,200톤/주 ,2025-04-01
5,아연,"부산,인천,대구,전북",4800000,15톤/주 ,2025-04-01
6,주석(99.85%이상),"부산,인천,대구,전북",60620000,6톤/주 ,2025-04-01
7,주석(99.90%이상),"부산,인천,대구,전북",60730000,4톤/주 ,2025-04-01
8,니켈(합금용),"부산,인천,대구",28650000,5톤/주 ,2025-04-01
9,니켈(도금용),"부산,인천",29030000,3톤/주,2025-04-01
10,인듐(대여),인천,603955420,0톤/주 ,2025-04-01
1,알루미늄(서구산),"부산,인천,대구,대전, 전북",4480000,통합50톤/주,2025-03-31
2,구리(99.99%이상),"부산,인천,대구,대전, 전북",15950000,50톤/주 ,2025-03-31
3,납(99.99%이상),"인천,대구,부산",3480000,200톤/주 ,2025-03-31
4,납(99.99%이상),전북,3390000,200톤/주 ,2025-03-31
5,아연,"부산,인천,대구,전북",4790000,15톤/주 ,2025-03-31
6,주석(99.85%이상),"부산,인천,대구,전북",59750000,6톤/주 ,2025-03-31
7,주석(99.90%이상),"부산,인천,대구,전북",59820000,4톤/주 ,2025-03-31
8,니켈(합금용),"부산,인천,대구",29270000,5톤/주 ,2025-03-31
9,니켈(도금용),"부산,인천",29650000,3톤/주,2025-03-31
10,인듐(대여),인천,603955420,0톤/주 ,2025-03-31
1,알루미늄(서구산),"부산,인천,대구,대전, 전북",4500000,통합50톤/주,2025-03-28
2,구리(99.99%이상),"부산,인천,대구,대전, 전북",16020000,50톤/주 ,2025-03-28
3,납(99.99%이상),"인천,대구,부산",3500000,200톤/주 ,2025-03-28
4,납(99.99%이상),전북,3410000,200톤/주 ,2025-03-28
5,아연,"부산,인천,대구,전북",4840000,15톤/주 ,2025-03-28
6,주석(99.85%이상),"부산,인천,대구,전북",58080000,6톤/주 ,2025-03-28
7,주석(99.90%이상),"부산,인천,대구,전북",58150000,4톤/주 ,2025-03-28
8,니켈(합금용),"부산,인천,대구",29030000,5톤/주 ,2025-03-28
9,니켈(도금용),"부산,인천",29400000,3톤/주,2025-03-28
10,인듐(대여),인천,599097430,0톤/주 ,2025-03-28
1,알루미늄(서구산),"부산,인천,대구,대전, 전북",4560000,통합50톤/주,2025-03-27
2,구리(99.99%이상),"부산,인천,대구,대전, 전북",16160000,50톤/주 ,2025-03-27
3,납(99.99%이상),"인천,대구,부산",3590000,200톤/주 ,2025-03-27
4,납(99.99%이상),전북,3500000,200톤/주 ,2025-03-27
5,아연,"부산,인천,대구,전북",4940000,15톤/주 ,2025-03-27
6,주석(99.85%이상),"부산,인천,대구,전북",57840000,6톤/주 ,2025-03-27
7,주석(99.90%이상),"부산,인천,대구,전북",57910000,4톤/주 ,2025-03-27
8,니켈(합금용),"부산,인천,대구",29030000,5톤/주 ,2025-03-27
9,니켈(도금용),"부산,인천",29410000,3톤/주,2025-03-27
10,인듐(대여),인천,599097430,0톤/주 ,2025-03-27
1,알루미늄(서구산),"부산,인천,대구,대전, 전북",4580000,통합50톤/주,2025-03-26
2,알루미늄(비서구산),"부산,인천,대구,전북",4530000,통합50톤/주,2025-03-26
3,구리(99.99%이상),"부산,인천,대구,대전, 전북",16530000,50톤/주 ,2025-03-26
4,납(99.99%이상),"인천,대구,부산",3590000,200톤/주 ,2025-03-26
5,납(99.99%이상),전북,3500000,200톤/주 ,2025-03-26
6,아연,"부산,인천,대구,전북",4980000,15톤/주 ,2025-03-26
7,주석(99.85%이상),"부산,인천,대구,전북",57730000,6톤/주 ,2025-03-26
8,주석(99.90%이상),"부산,인천,대구,전북",57800000,4톤/주 ,2025-03-26
9,니켈(합금용),"부산,인천,대구",28950000,5톤/주 ,2025-03-26
10,니켈(도금용),"부산,인천",29330000,3톤/주,2025-03-26
11,인듐(대여),인천,599097430,0톤/주 ,2025-03-26
1,알루미늄(서구산),"부산,인천,대구,대전, 전북",4620000,통합50톤/주,2025-03-25
2,알루미늄(비서구산),"부산,인천,대구,전북",4580000,통합50톤/주,2025-03-25
3,구리(99.99%이상),"부산,인천,대구,대전, 전북",16230000,50톤/주 ,2025-03-25
4,납(99.99%이상),"인천,대구,부산",3520000,200톤/주 ,2025-03-25
5,납(99.99%이상),전북,3430000,200톤/주 ,2025-03-25
6,아연,"부산,인천,대구,전북",4940000,15톤/주 ,2025-03-25
7,주석(99.85%이상),"부산,인천,대구,전북",56380000,6톤/주 ,2025-03-25
8,주석(99.90%이상),"부산,인천,대구,전북",56450000,4톤/주 ,2025-03-25
9,니켈(합금용),"부산,인천,대구",28680000,5톤/주 ,2025-03-25
10,니켈(도금용),"부산,인천",29060000,3톤/주,2025-03-25
11,인듐(대여),인천,599097430,0톤/주 ,2025-03-25
1,알루미늄(서구산),"부산,인천,대구,대전, 전북",4630000,통합50톤/주,2025-03-24
2,알루미늄(비서구산),"부산,인천,대구,전북",4590000,통합50톤/주,2025-03-24
3,구리(99.99%이상),"부산,인천,대구,대전, 전북",16010000,50톤/주 ,2025-03-24
4,납(99.99%이상),"인천,대구,부산",3460000,200톤/주 ,2025-03-24
5,납(99.99%이상),전북,3370000,200톤/주 ,2025-03-24
6,아연,"부산,인천,대구,전북",4890000,15톤/주 ,2025-03-24
7,주석(99.85%이상),"부산,인천,대구,전북",56370000,6톤/주 ,2025-03-24
8,주석(99.90%이상),"부산,인천,대구,전북",56440000,4톤/주 ,2025-03-24
9,니켈(합금용),"부산,인천,대구",28670000,5톤/주 ,2025-03-24
10,니켈(도금용),"부산,인천",29050000,3톤/주,2025-03-24
11,인듐(대여),인천,599097430,0톤/주 ,2025-03-24
1,알루미늄(서구산),"부산,인천,대구,대전, 전북",4680000,통합50톤/주,2025-03-21
2,알루미늄(비서구산),"부산,인천,대구,전북",4640000,통합50톤/주,2025-03-21
3,구리(99.99%이상),"부산,인천,대구,대전, 전북",16080000,50톤/주 ,2025-03-21
4,납(99.99%이상),"인천,대구,부산",3510000,200톤/주 ,2025-03-21
5,납(99.99%이상),전북,3420000,200톤/주 ,2025-03-21
6,아연,"부산,인천,대구,전북",4850000,15톤/주 ,2025-03-21
7,주석(99.85%이상),"부산,인천,대구,전북",57600000,6톤/주 ,2025-03-21
8,주석(99.90%이상),"부산,인천,대구,전북",57680000,4톤/주 ,2025-03-21
9,니켈(합금용),"부산,인천,대구",28960000,5톤/주 ,2025-03-21
10,니켈(도금용),"부산,인천",29340000,3톤/주,2025-03-21
11,인듐(대여),인천,590487220,0톤/주 ,2025-03-21
1,알루미늄(서구산),"부산,인천,대구,대전, 전북",4680000,통합50톤/주,2025-03-20
2,알루미늄(비서구산),"부산,인천,대구,전북",4640000,통합50톤/주,2025-03-20
3,구리(99.99%이상),"부산,인천,대구,대전, 전북",16130000,50톤/주 ,2025-03-20
4,납(99.99%이상),"인천,대구,부산",3550000,200톤/주 ,2025-03-20
5,납(99.99%이상),전북,3460000,200톤/주 ,2025-03-20
6,아연,"부산,인천,대구,전북",4830000,15톤/주 ,2025-03-20
7,주석(99.85%이상),"부산,인천,대구,전북",56840000,6톤/주 ,2025-03-20
8,주석(99.90%이상),"부산,인천,대구,전북",56920000,4톤/주 ,2025-03-20
9,니켈(합금용),"부산,인천,대구",29030000,5톤/주 ,2025-03-20
10,니켈(도금용),"부산,인천",29400000,3톤/주,2025-03-20
11,인듐(대여),인천,590487220,0톤/주 ,2025-03-20
1,알루미늄(서구산),"부산,인천,대구,대전, 전북",4650000,통합50톤/주,2025-03-19
2,알루미늄(비서구산),"부산,인천,대구,전북",4610000,통합50톤/주,2025-03-19
3,구리(99.99%이상),"부산,인천,대구,대전, 전북",15970000,50톤/주 ,2025-03-19
4,납(99.99%이상),"인천,대구,부산",3560000,200톤/주 ,2025-03-19
5,납(99.99%이상),전북,3470000,200톤/주 ,2025-03-19
6,아연,"부산,인천,대구,전북",4890000,15톤/주 ,2025-03-19
7,주석(99.85%이상),"부산,인천,대구,전북",57230000,6톤/주 ,2025-03-19
8,주석(99.90%이상),"부산,인천,대구,전북",57300000,4톤/주 ,2025-03-19
9,니켈(합금용),"부산,인천,대구",28770000,5톤/주 ,2025-03-19
10,니켈(도금용),"부산,인천",29140000,3톤/주,2025-03-19
11,인듐(대여),인천,590487220,0톤/주 ,2025-03-19
1,알루미늄(서구산),"부산,인천,대구,대전, 전북",4690000,통합50톤/주,2025-03-18
2,알루미늄(비서구산),"부산,인천,대구,전북",4650000,통합50톤/주,2025-03-18
3,구리(99.99%이상),"부산,인천,대구,대전, 전북",15830000,50톤/주 ,2025-03-18
4,납(99.99%이상),"인천,대구,부산",3530000,200톤/주 ,2025-03-18
5,납(99.99%이상),전북,3440000,200톤/주 ,2025-03-18
6,아연,"부산,인천,대구,전북",4870000,15톤/주 ,2025-03-18
7,주석(99.85%이상),"부산,인천,대구,전북",56990000,6톤/주 ,2025-03-18
8,주석(99.90%이상),"부산,인천,대구,전북",57060000,4톤/주 ,2025-03-18
9,니켈(합금용),"부산,인천,대구",28960000,5톤/주 ,2025-03-18
10,니켈(도금용),"부산,인천",29340000,3톤/주,2025-03-18
11,인듐(대여),인천,590487220,0톤/주 ,2025-03-18
1,알루미늄(서구산),"부산,인천,대구,대전, 전북",4710000,통합50톤/주,2025-03-17
2,알루미늄(비서구산),"부산,인천,대구,전북",4670000,통합50톤/주,2025-03-17
3,구리(99.99%이상),"부산,인천,대구,대전, 전북",15780000,50톤/주 ,2025-03-17
4,납(99.99%이상),"인천,대구,부산",3520000,200톤/주 ,2025-03-17
5,납(99.99%이상),전북,3430000,200톤/주 ,2025-03-17
6,아연,"부산,인천,대구,전북",4930000,15톤/주 ,2025-03-17
7,주석(99.85%이상),"부산,인천,대구,전북",57510000,6톤/주 ,2025-03-17
8,주석(99.90%이상),"부산,인천,대구,전북",57580000,4톤/주 ,2025-03-17
9,니켈(합금용),"부산,인천,대구",29160000,5톤/주 ,2025-03-17
10,니켈(도금용),"부산,인천",29540000,3톤/주,2025-03-17
11,인듐(대여),인천,590487220,0톤/주 ,2025-03-17
1,알루미늄(서구산),"부산,인천,대구,대전, 전북",4740000,통합50톤/주,2025-03-14
2,알루미늄(비서구산),"부산,인천,대구,전북",4700000,통합50톤/주,2025-03-14
3,구리(99.99%이상),"부산,인천,대구,대전, 전북",15810000,50톤/주 ,2025-03-14
4,납(99.99%이상),"인천,대구,부산",3530000,200톤/주 ,2025-03-14
5,납(99.99%이상),전북,3440000,200톤/주 ,2025-03-14
6,아연,"부산,인천,대구,전북",4900000,15톤/주 ,2025-03-14
7,주석(99.85%이상),"부산,인천,대구,전북",58530000,6톤/주 ,2025-03-14
8,주석(99.90%이상),"부산,인천,대구,전북",58600000,4톤/주 ,2025-03-14
9,니켈(합금용),"부산,인천,대구",29220000,5톤/주 ,2025-03-14
10,니켈(도금용),"부산,인천",29600000,3톤/주,2025-03-14
11,인듐(대여),인천,581491840,0톤/주 ,2025-03-14
1,알루미늄(서구산),"부산,인천,대구,대전, 전북",4720000,통합50톤/주,2025-03-13
2,알루미늄(비서구산),"부산,인천,대구,전북",4680000,통합50톤/주,2025-03-13
3,구리(99.99%이상),"부산,인천,대구,대전, 전북",15780000,50톤/주 ,2025-03-13
4,납(99.99%이상),"인천,대구,부산",3550000,200톤/주 ,2025-03-13
5,납(99.99%이상),전북,3460000,200톤/주 ,2025-03-13
6,아연,"부산,인천,대구,전북",4830000,15톤/주 ,2025-03-13
7,주석(99.85%이상),"부산,인천,대구,전북",54190000,6톤/주 ,2025-03-13
8,주석(99.90%이상),"부산,인천,대구,전북",54350000,4톤/주 ,2025-03-13
9,니켈(합금용),"부산,인천,대구",29380000,5톤/주 ,2025-03-13
10,니켈(도금용),"부산,인천",29750000,3톤/주,2025-03-13
11,인듐(대여),인천,581491840,0톤/주 ,2025-03-13
1,알루미늄(서구산),"부산,인천,대구,대전, 전북",4750000,통합50톤/주,2025-03-12
2,알루미늄(비서구산),"부산,인천,대구,전북",4710000,통합50톤/주,2025-03-12
3,구리(99.99%이상),"부산,인천,대구,대전, 전북",15680000,50톤/주 ,2025-03-12
4,납(99.99%이상),"인천,대구,부산",3510000,200톤/주 ,2025-03-12
5,납(99.99%이상),전북,3430000,200톤/주 ,2025-03-12
6,아연,"부산,인천,대구,전북",4830000,15톤/주 ,2025-03-12
7,주석(99.85%이상),"부산,인천,대구,전북",53960000,6톤/주 ,2025-03-12
8,주석(99.90%이상),"부산,인천,대구,전북",54120000,4톤/주 ,2025-03-12
9,니켈(합금용),"부산,인천,대구",29290000,5톤/주 ,2025-03-12
10,니켈(도금용),"부산,인천",29670000,3톤/주,2025-03-12
11,인듐(대여),인천,581491840,0톤/주 ,2025-03-12
1,알루미늄(서구산),"부산,인천,대구,대전, 전북",4710000,통합50톤/주,2025-03-11
2,알루미늄(비서구산),"부산,인천,대구,전북",4670000,통합50톤/주,2025-03-11
3,구리(99.99%이상),"부산,인천,대구,대전, 전북",15410000,50톤/주 ,2025-03-11
4,납(99.99%이상),"인천,대구,부산",3490000,200톤/주 ,2025-03-11
5,납(99.99%이상),전북,3400000,200톤/주 ,2025-03-11
6,아연,"부산,인천,대구,전북",4710000,15톤/주 ,2025-03-11
7,주석(99.85%이상),"부산,인천,대구,전북",52920000,6톤/주 ,2025-03-11
8,주석(99.90%이상),"부산,인천,대구,전북",53080000,4톤/주 ,2025-03-11
9,니켈(합금용),"부산,인천,대구",29270000,5톤/주 ,2025-03-11
10,니켈(도금용),"부산,인천",29640000,3톤/주,2025-03-11
11,인듐(대여),인천,581491840,0톤/주 ,2025-03-11
1,알루미늄(서구산),"부산,인천,대구,대전, 전북",4710000,통합50톤/주,2025-03-10
2,알루미늄(비서구산),"부산,인천,대구,전북",4670000,통합50톤/주,2025-03-10
3,구리(99.99%이상),"부산,인천,대구,대전, 전북",15510000,50톤/주 ,2025-03-10
4,납(99.99%이상),"인천,대구,부산",3430000,200톤/주 ,2025-03-10
5,납(99.99%이상),전북,3340000,200톤/주 ,2025-03-10
6,아연,"부산,인천,대구,전북",4740000,15톤/주 ,2025-03-10
7,주석(99.85%이상),"부산,인천,대구,전북",52530000,6톤/주 ,2025-03-10
8,주석(99.90%이상),"부산,인천,대구,전북",52690000,4톤/주 ,2025-03-10
9,니켈(합금용),"부산,인천,대구",29090000,5톤/주 ,2025-03-10
10,니켈(도금용),"부산,인천",29460000,3톤/주,2025-03-10
11,인듐(대여),인천,581491840,0톤/주 ,2025-03-10
1,알루미늄(서구산),"부산,인천,대구,대전, 전북",4680000,통합50톤/주,2025-03-07
2,알루미늄(비서구산),"부산,인천,대구,전북",4640000,통합50톤/주,2025-03-07
3,구리(99.99%이상),"부산,인천,대구,대전, 전북",15680000,50톤/주 ,2025-03-07
4,납(99.99%이상),"인천,대구,부산",3460000,200톤/주 ,2025-03-07
5,납(99.99%이상),전북,3380000,200톤/주 ,2025-03-07
6,아연,"부산,인천,대구,전북",4800000,15톤/주 ,2025-03-07
7,주석(99.85%이상),"부산,인천,대구,전북",52390000,6톤/주 ,2025-03-07
8,주석(99.90%이상),"부산,인천,대구,전북",52550000,4톤/주 ,2025-03-07
9,니켈(합금용),"부산,인천,대구",28670000,5톤/주 ,2025-03-07
10,니켈(도금용),"부산,인천",29040000,3톤/주,2025-03-07
11,인듐(대여),인천,560814570,0톤/주 ,2025-03-07
1,알루미늄(서구산),"부산,인천,대구,대전, 전북",4650000,통합50톤/주,2025-03-06
2,알루미늄(비서구산),"부산,인천,대구,전북",4610000,통합50톤/주,2025-03-06
3,구리(99.99%이상),"부산,인천,대구,대전, 전북",15560000,50톤/주 ,2025-03-06
4,납(99.99%이상),"인천,대구,부산",3470000,200톤/주 ,2025-03-06
5,납(99.99%이상),전북,3380000,200톤/주 ,2025-03-06
6,아연,"부산,인천,대구,전북",4760000,15톤/주 ,2025-03-06
7,주석(99.85%이상),"부산,인천,대구,전북",51340000,6톤/주 ,2025-03-06
8,주석(99.90%이상),"부산,인천,대구,전북",51500000,4톤/주 ,2025-03-06
9,니켈(합금용),"부산,인천,대구",28270000,5톤/주 ,2025-03-06
10,니켈(도금용),"부산,인천",28640000,3톤/주,2025-03-06
11,인듐(대여),인천,560814570,0톤/주 ,2025-03-06
1,알루미늄(서구산),"부산,인천,대구,대전, 전북",4610000,통합50톤/주,2025-03-05
2,알루미늄(비서구산),"부산,인천,대구,전북",4570000,통합50톤/주,2025-03-05
3,구리(99.99%이상),"부산,인천,대구,대전, 전북",15220000,50톤/주 ,2025-03-05
4,납(99.99%이상),"인천,대구,부산",3450000,200톤/주 ,2025-03-05
5,납(99.99%이상),전북,3360000,200톤/주 ,2025-03-05
6,아연,"부산,인천,대구,전북",4670000,15톤/주 ,2025-03-05
7,주석(99.85%이상),"부산,인천,대구,전북",51380000,6톤/주 ,2025-03-05
8,주석(99.90%이상),"부산,인천,대구,전북",51540000,4톤/주 ,2025-03-05
9,니켈(합금용),"부산,인천,대구",28570000,5톤/주 ,2025-03-05
10,니켈(도금용),"부산,인천",28950000,3톤/주,2025-03-05
11,인듐(대여),인천,560814570,0톤/주 ,2025-03-05
1,알루미늄(서구산),"부산,인천,대구,대전, 전북",4610000,통합50톤/주,2025-03-04
2,구리(99.99%이상),"부산,인천,대구,대전, 전북",15340000,50톤/주 ,2025-03-04
3,납(99.99%이상),"인천,대구,부산",3410000,200톤/주 ,2025-03-04
4,납(99.99%이상),전북,3330000,200톤/주 ,2025-03-04
5,아연,"부산,인천,대구,전북",4730000,15톤/주 ,2025-03-04
6,주석(99.85%이상),"부산,인천,대구,전북",51420000,6톤/주 ,2025-03-04
7,주석(99.90%이상),"부산,인천,대구,전북",51580000,4톤/주 ,2025-03-04
8,니켈(합금용),"부산,인천,대구",28500000,5톤/주 ,2025-03-04
9,니켈(도금용),"부산,인천",28880000,3톤/주,2025-03-04
10,인듐(대여),인천,560814570,0톤/주 ,2025-03-04
1,알루미늄(서구산),"부산,인천,대구,대전, 전북",4540000,통합50톤/주,2025-02-28
2,구리(99.99%이상),"부산,인천,대구,대전, 전북",15150000,50톤/주 ,2025-02-28
3,납(99.99%이상),"인천,대구,부산",3380000,200톤/주 ,2025-02-28
4,납(99.99%이상),전북,3300000,200톤/주 ,2025-02-28
5,아연,"부산,인천,대구,전북",4610000,15톤/주 ,2025-02-28
6,주석(99.85%이상),"부산,인천,대구,전북",51180000,6톤/주 ,2025-02-28
7,주석(99.90%이상),"부산,인천,대구,전북",51210000,4톤/주 ,2025-02-28
8,니켈(합금용),"부산,인천,대구",28010000,5톤/주 ,2025-02-28
9,니켈(도금용),"부산,인천",28230000,3톤/주,2025-02-28
10,인듐(대여),인천,560697690,0톤/주 ,2025-02-28
1,알루미늄(서구산),"부산,인천,대구,대전, 전북",4500000,통합50톤/주,2025-02-27
2,알루미늄(비서구산),"부산,인천,대구,전북",4470000,통합50톤/주,2025-02-27
3,구리(99.99%이상),"부산,인천,대구,대전, 전북",15150000,50톤/주 ,2025-02-27
4,납(99.99%이상),"인천,대구,부산",3350000,200톤/주 ,2025-02-27
5,납(99.99%이상),전북,3270000,200톤/주 ,2025-02-27
6,아연,"부산,인천,대구,전북",4580000,15톤/주 ,2025-02-27
7,주석(99.85%이상),"부산,인천,대구,전북",52100000,6톤/주 ,2025-02-27
8,주석(99.90%이상),"부산,인천,대구,전북",52130000,4톤/주 ,2025-02-27
9,니켈(합금용),"부산,인천,대구",27380000,5톤/주 ,2025-02-27
10,니켈(도금용),"부산,인천",27610000,3톤/주,2025-02-27
11,인듐(대여),인천,560697690,0톤/주 ,2025-02-27
1,알루미늄(서구산),"부산,인천,대구,대전, 전북",4500000,통합50톤/주,2025-02-26
2,알루미늄(비서구산),"부산,인천,대구,전북",4480000,통합50톤/주,2025-02-26
3,구리(99.99%이상),"부산,인천,대구,대전, 전북",14990000,50톤/주 ,2025-02-26
4,납(99.99%이상),"인천,대구,부산",3330000,200톤/주 ,2025-02-26
5,납(99.99%이상),전북,3250000,200톤/주 ,2025-02-26
6,아연,"부산,인천,대구,전북",4560000,15톤/주 ,2025-02-26
7,주석(99.85%이상),"부산,인천,대구,전북",52620000,6톤/주 ,2025-02-26
8,주석(99.90%이상),"부산,인천,대구,전북",52650000,4톤/주 ,2025-02-26
9,니켈(합금용),"부산,인천,대구",26920000,5톤/주 ,2025-02-26
10,니켈(도금용),"부산,인천",27150000,3톤/주,2025-02-26
11,인듐(대여),인천,560697690,0톤/주 ,2025-02-26
1,알루미늄(서구산),"부산,인천,대구,대전, 전북",4520000,통합50톤/주,2025-02-25
2,구리(99.99%이상),"부산,인천,대구,대전, 전북",15160000,50톤/주 ,2025-02-25
3,납(99.99%이상),"인천,대구,부산",3290000,200톤/주 ,2025-02-25
4,납(99.99%이상),전북,3210000,200톤/주 ,2025-02-25
5,아연,"부산,인천,대구,전북",4610000,15톤/주 ,2025-02-25
6,주석(99.85%이상),"부산,인천,대구,전북",53200000,6톤/주 ,2025-02-25
7,주석(99.90%이상),"부산,인천,대구,전북",53230000,4톤/주 ,2025-02-25
8,니켈(합금용),"부산,인천,대구",27040000,5톤/주 ,2025-02-25
9,니켈(도금용),"부산,인천",27270000,3톤/주,2025-02-25
10,인듐(대여),인천,560697690,0톤/주 ,2025-02-25
1,알루미늄(서구산),"부산,인천,대구,대전, 전북",4580000,통합50톤/주,2025-02-24
2,구리(99.99%이상),"부산,인천,대구,대전, 전북",15270000,50톤/주 ,2025-02-24
3,납(99.99%이상),"인천,대구,부산",3340000,200톤/주 ,2025-02-24
4,납(99.99%이상),전북,3260000,200톤/주 ,2025-02-24
5,아연,"부산,인천,대구,전북",4770000,15톤/주 ,2025-02-24
6,주석(99.85%이상),"부산,인천,대구,전북",54080000,6톤/주 ,2025-02-24
7,주석(99.90%이상),"부산,인천,대구,전북",54110000,4톤/주 ,2025-02-24
8,니켈(합금용),"부산,인천,대구",27280000,5톤/주 ,2025-02-24
9,니켈(도금용),"부산,인천",27510000,3톤/주,2025-02-24
10,인듐(대여),인천,560697690,0톤/주 ,2025-02-24
1,알루미늄(서구산),"부산,인천,대구,대전, 전북",4660000,통합50톤/주,2025-02-21
2,구리(99.99%이상),"부산,인천,대구,대전, 전북",15330000,50톤/주 ,2025-02-21
3,납(99.99%이상),"인천,대구,부산",3310000,200톤/주 ,2025-02-21
4,납(99.99%이상),전북,3230000,200톤/주 ,2025-02-21
5,아연,"부산,인천,대구,전북",4760000,15톤/주 ,2025-02-21
6,주석(99.85%이상),"부산,인천,대구,전북",53710000,6톤/주 ,2025-02-21
7,주석(99.90%이상),"부산,인천,대구,전북",53750000,4톤/주 ,2025-02-21
8,니켈(합금용),"부산,인천,대구",27580000,5톤/주 ,2025-02-21
9,니켈(도금용),"부산,인천",27810000,3톤/주,2025-02-21
10,인듐(대여),인천,564749420,0톤/주 ,2025-02-21
1,알루미늄(서구산),"부산,인천,대구,대전, 전북",4600000,통합50톤/주,2025-02-20
2,알루미늄(비서구산),"부산,인천,대구,전북",4580000,통합50톤/주,2025-02-20
3,구리(99.99%이상),"부산,인천,대구,대전, 전북",15170000,50톤/주 ,2025-02-20
4,납(99.99%이상),"인천,대구,부산",3330000,200톤/주 ,2025-02-20
5,납(99.99%이상),전북,3240000,200톤/주 ,2025-02-20
6,아연,"부산,인천,대구,전북",4690000,15톤/주 ,2025-02-20
7,주석(99.85%이상),"부산,인천,대구,전북",52620000,6톤/주 ,2025-02-20
8,주석(99.90%이상),"부산,인천,대구,전북",52660000,4톤/주 ,2025-02-20
9,니켈(합금용),"부산,인천,대구",27170000,5톤/주 ,2025-02-20
10,니켈(도금용),"부산,인천",27400000,3톤/주,2025-02-20
11,인듐(대여),인천,564749420,0톤/주 ,2025-02-20
1,알루미늄(서구산),"부산,인천,대구,대전, 전북",4600000,통합50톤/주,2025-02-19
2,알루미늄(비서구산),"부산,인천,대구,전북",4570000,통합50톤/주,2025-02-19
3,구리(99.99%이상),"부산,인천,대구,대전, 전북",15190000,50톤/주 ,2025-02-19
4,납(99.99%이상),"인천,대구,부산",3340000,200톤/주 ,2025-02-19
5,납(99.99%이상),전북,3250000,200톤/주 ,2025-02-19
6,아연,"부산,인천,대구,전북",4720000,15톤/주 ,2025-02-19
7,주석(99.85%이상),"부산,인천,대구,전북",52880000,6톤/주 ,2025-02-19
8,주석(99.90%이상),"부산,인천,대구,전북",52910000,4톤/주 ,2025-02-19
9,니켈(합금용),"부산,인천,대구",27180000,5톤/주 ,2025-02-19
10,니켈(도금용),"부산,인천",27410000,3톤/주,2025-02-19
11,인듐(대여),인천,564749420,0톤/주 ,2025-02-19
1,알루미늄(서구산),"부산,인천,대구,대전, 전북",4590000,통합50톤/주,2025-02-18
2,구리(99.99%이상),"부산,인천,대구,대전, 전북",15040000,50톤/주 ,2025-02-18
3,납(99.99%이상),"인천,대구,부산",3330000,200톤/주 ,2025-02-18
4,납(99.99%이상),전북,3240000,200톤/주 ,2025-02-18
5,아연,"부산,인천,대구,전북",4690000,15톤/주 ,2025-02-18
6,주석(99.85%이상),"부산,인천,대구,전북",52610000,6톤/주 ,2025-02-18
7,주석(99.90%이상),"부산,인천,대구,전북",52640000,4톤/주 ,2025-02-18
8,니켈(합금용),"부산,인천,대구",27380000,5톤/주 ,2025-02-18
9,니켈(도금용),"부산,인천",27610000,3톤/주,2025-02-18
10,인듐(대여),인천,564749420,0톤/주 ,2025-02-18
1,알루미늄(서구산),"부산,인천,대구,대전, 전북",4560000,통합50톤/주,2025-02-17
2,구리(99.99%이상),"부산,인천,대구,대전, 전북",15330000,50톤/주 ,2025-02-17
3,납(99.99%이상),"인천,대구,부산",3320000,200톤/주 ,2025-02-17
4,납(99.99%이상),전북,3240000,200톤/주 ,2025-02-17
5,아연,"부산,인천,대구,전북",4650000,15톤/주 ,2025-02-17
6,주석(99.85%이상),"부산,인천,대구,전북",52860000,6톤/주 ,2025-02-17
7,주석(99.90%이상),"부산,인천,대구,전북",52890000,4톤/주 ,2025-02-17
8,니켈(합금용),"부산,인천,대구",27380000,5톤/주 ,2025-02-17
9,니켈(도금용),"부산,인천",27610000,3톤/주,2025-02-17
10,인듐(대여),인천,564749420,0톤/주 ,2025-02-17
1,알루미늄(서구산),"부산,인천,대구,대전, 전북",4500000,통합50톤/주,2025-02-14
2,알루미늄(비서구산),"부산,인천,대구,전북",4470000,통합50톤/주,2025-02-14
3,구리(99.99%이상),"부산,인천,대구,대전, 전북",15280000,50톤/주 ,2025-02-14
4,납(99.99%이상),"인천,대구,부산",3330000,200톤/주 ,2025-02-14
5,납(99.99%이상),전북,3250000,200톤/주 ,2025-02-14
6,아연,"부산,인천,대구,전북",4660000,15톤/주 ,2025-02-14
7,주석(99.85%이상),"부산,인천,대구,전북",51790000,6톤/주 ,2025-02-14
8,주석(99.90%이상),"부산,인천,대구,전북",51820000,4톤/주 ,2025-02-14
9,니켈(합금용),"부산,인천,대구",27300000,5톤/주 ,2025-02-14
10,니켈(도금용),"부산,인천",27540000,3톤/주,2025-02-14
11,인듐(대여),인천,558428670,0톤/주 ,2025-02-14
1,알루미늄(서구산),"부산,인천,대구,대전, 전북",4540000,통합50톤/주,2025-02-13
2,알루미늄(비서구산),"부산,인천,대구,전북",4510000,통합50톤/주,2025-02-13
3,구리(99.99%이상),"부산,인천,대구,대전, 전북",15200000,50톤/주 ,2025-02-13
4,납(99.99%이상),"인천,대구,부산",3320000,200톤/주 ,2025-02-13
5,납(99.99%이상),전북,3240000,200톤/주 ,2025-02-13
6,아연,"부산,인천,대구,전북",4700000,15톤/주 ,2025-02-13
7,주석(99.85%이상),"부산,인천,대구,전북",51310000,6톤/주 ,2025-02-13
8,주석(99.90%이상),"부산,인천,대구,전북",51340000,4톤/주 ,2025-02-13
9,니켈(합금용),"부산,인천,대구",27470000,5톤/주 ,2025-02-13
10,니켈(도금용),"부산,인천",27700000,3톤/주,2025-02-13
11,인듐(대여),인천,558428670,0톤/주 ,2025-02-13
1,알루미늄(서구산),"부산,인천,대구,대전, 전북",4560000,통합50톤/주,2025-02-12
2,알루미늄(비서구산),"부산,인천,대구,전북",4540000,통합50톤/주,2025-02-12
3,구리(99.99%이상),"부산,인천,대구,대전, 전북",15020000,50톤/주 ,2025-02-12
4,납(99.99%이상),"인천,대구,부산",3330000,200톤/주 ,2025-02-12
5,납(99.99%이상),전북,3250000,200톤/주 ,2025-02-12
6,아연,"부산,인천,대구,전북",4630000,15톤/주 ,2025-02-12
7,주석(99.85%이상),"부산,인천,대구,전북",50550000,6톤/주 ,2025-02-12
8,주석(99.90%이상),"부산,인천,대구,전북",50580000,4톤/주 ,2025-02-12
9,니켈(합금용),"부산,인천,대구",27640000,5톤/주 ,2025-02-12
10,니켈(도금용),"부산,인천",27870000,3톤/주,2025-02-12
11,인듐(대여),인천,558428670,0톤/주 ,2025-02-12
1,알루미늄(서구산),"부산,인천,대구,대전, 전북",4590000,통합50톤/주,2025-02-11
2,알루미늄(비서구산),"부산,인천,대구,전북",4560000,통합50톤/주,2025-02-11
3,구리(99.99%이상),"부산,인천,대구,대전, 전북",15150000,50톤/주 ,2025-02-11
4,납(99.99%이상),"인천,대구,부산",3360000,200톤/주 ,2025-02-11
5,납(99.99%이상),전북,3280000,200톤/주 ,2025-02-11
6,아연,"부산,인천,대구,전북",4670000,15톤/주 ,2025-02-11
7,주석(99.85%이상),"부산,인천,대구,전북",50570000,6톤/주 ,2025-02-11
8,주석(99.90%이상),"부산,인천,대구,전북",50600000,4톤/주 ,2025-02-11
9,니켈(합금용),"부산,인천,대구",27590000,5톤/주 ,2025-02-11
10,니켈(도금용),"부산,인천",27820000,3톤/주,2025-02-11
11,인듐(대여),인천,558428670,0톤/주 ,2025-02-11
1,알루미늄(서구산),"부산,인천,대구,대전, 전북",4530000,통합50톤/주,2025-02-10
2,알루미늄(비서구산),"부산,인천,대구,전북",4500000,통합50톤/주,2025-02-10
3,구리(99.99%이상),"부산,인천,대구,대전, 전북",15050000,50톤/주 ,2025-02-10
4,납(99.99%이상),"인천,대구,부산",3350000,200톤/주 ,2025-02-10
5,납(99.99%이상),전북,3260000,200톤/주 ,2025-02-10
6,아연,"부산,인천,대구,전북",4650000,15톤/주 ,2025-02-10
7,주석(99.85%이상),"부산,인천,대구,전북",50380000,6톤/주 ,2025-02-10
8,주석(99.90%이상),"부산,인천,대구,전북",50420000,4톤/주 ,2025-02-10
9,니켈(합금용),"부산,인천,대구",27910000,5톤/주 ,2025-02-10
10,니켈(도금용),"부산,인천",28140000,3톤/주,2025-02-10
11,인듐(대여),인천,558428670,0톤/주 ,2025-02-10
1,알루미늄(서구산),"부산,인천,대구,대전, 전북",4510000,통합50톤/주,2025-02-07
2,알루미늄(비서구산),"부산,인천,대구,전북",4490000,통합50톤/주,2025-02-07
3,구리(99.99%이상),"부산,인천,대구,대전, 전북",14840000,50톤/주 ,2025-02-07
4,납(99.99%이상),"인천,대구,부산",3350000,200톤/주 ,2025-02-07
5,납(99.99%이상),전북,3260000,200톤/주 ,2025-02-07
6,아연,"부산,인천,대구,전북",4610000,15톤/주 ,2025-02-07
7,주석(99.85%이상),"부산,인천,대구,전북",50230000,6톤/주 ,2025-02-07
8,주석(99.90%이상),"부산,인천,대구,전북",50270000,4톤/주 ,2025-02-07
9,니켈(합금용),"부산,인천,대구",27990000,5톤/주 ,2025-02-07
10,니켈(도금용),"부산,인천",28230000,3톤/주,2025-02-07
11,인듐(대여),인천,549710430,0톤/주 ,2025-02-07
1,알루미늄(서구산),"부산,인천,대구,대전, 전북",4490000,통합50톤/주,2025-02-06
2,알루미늄(비서구산),"부산,인천,대구,전북",4460000,통합50톤/주,2025-02-06
3,구리(99.99%이상),"부산,인천,대구,대전, 전북",14740000,50톤/주 ,2025-02-06
4,납(99.99%이상),"인천,대구,부산",3360000,200톤/주 ,2025-02-06
5,납(99.99%이상),전북,3270000,200톤/주 ,2025-02-06
6,아연,"부산,인천,대구,전북",4530000,15톤/주 ,2025-02-06
7,주석(99.85%이상),"부산,인천,대구,전북",49810000,6톤/주 ,2025-02-06
8,주석(99.90%이상),"부산,인천,대구,전북",49850000,4톤/주 ,2025-02-06
9,니켈(합금용),"부산,인천,대구",27480000,5톤/주 ,2025-02-06
10,니켈(도금용),"부산,인천",27710000,3톤/주,2025-02-06
11,인듐(대여),인천,549710430,0톤/주 ,2025-02-06
1,알루미늄(서구산),"부산,인천,대구,대전, 전북",4600000,통합50톤/주,2025-02-05
2,알루미늄(비서구산),"부산,인천,대구,전북",4570000,통합50톤/주,2025-02-05
3,구리(99.99%이상),"부산,인천,대구,대전, 전북",14780000,50톤/주 ,2025-02-05
4,납(99.99%이상),"인천,대구,부산",3340000,200톤/주 ,2025-02-05
5,납(99.99%이상),전북,3260000,200톤/주 ,2025-02-05
6,아연,"부산,인천,대구,전북",4640000,15톤/주 ,2025-02-05
7,주석(99.85%이상),"부산,인천,대구,전북",49590000,6톤/주 ,2025-02-05
8,주석(99.90%이상),"부산,인천,대구,전북",49620000,4톤/주 ,2025-02-05
9,니켈(합금용),"부산,인천,대구",27410000,5톤/주 ,2025-02-05
10,니켈(도금용),"부산,인천",27650000,3톤/주,2025-02-05
11,인듐(대여),인천,549710430,0톤/주 ,2025-02-05
1,알루미늄(서구산),"부산,인천,대구,대전, 전북",4580000,통합50톤/주,2025-02-04
2,알루미늄(비서구산),"부산,인천,대구,전북",4550000,통합50톤/주,2025-02-04
3,구리(99.99%이상),"부산,인천,대구,대전, 전북",14750000,50톤/주 ,2025-02-04
4,납(99.99%이상),"인천,대구,부산",3310000,200톤/주 ,2025-02-04
5,납(99.99%이상),전북,3220000,200톤/주 ,2025-02-04
6,아연,"부산,인천,대구,전북",4640000,15톤/주 ,2025-02-04
7,주석(99.85%이상),"부산,인천,대구,전북",49140000,6톤/주 ,2025-02-04
8,주석(99.90%이상),"부산,인천,대구,전북",49180000,4톤/주 ,2025-02-04
9,니켈(합금용),"부산,인천,대구",27400000,5톤/주 ,2025-02-04
10,니켈(도금용),"부산,인천",27640000,3톤/주,2025-02-04
11,인듐(대여),인천,549710430,0톤/주 ,2025-02-04
1,알루미늄(서구산),"부산,인천,대구,대전, 전북",4480000,통합50톤/주,2025-02-03
2,알루미늄(비서구산),"부산,인천,대구,전북",4450000,통합50톤/주,2025-02-03
3,구리(99.99%이상),"부산,인천,대구,대전, 전북",14530000,50톤/주 ,2025-02-03
4,납(99.99%이상),"인천,대구,부산",3290000,200톤/주 ,2025-02-03
5,납(99.99%이상),전북,3200000,200톤/주 ,2025-02-03
6,아연,"부산,인천,대구,전북",4500000,15톤/주 ,2025-02-03
7,주석(99.85%이상),"부산,인천,대구,전북",48920000,6톤/주 ,2025-02-03
8,주석(99.90%이상),"부산,인천,대구,전북",48950000,4톤/주 ,2025-02-03
9,니켈(합금용),"부산,인천,대구",27140000,5톤/주 ,2025-02-03
10,니켈(도금용),"부산,인천",27380000,3톤/주,2025-02-03
11,인듐(대여),인천,549710430,0톤/주 ,2025-02-03
1,알루미늄(서구산),"부산,인천,대구,대전, 전북",4420000,통합50톤/주,2025-01-31
2,알루미늄(비서구산),"부산,인천,대구,전북",4420000,통합50톤/주,2025-01-31
3,구리(99.99%이상),"부산,인천,대구,대전, 전북",14440000,50톤/주 ,2025-01-31
4,납(99.99%이상),"인천,대구,부산",3270000,200톤/주 ,2025-01-31
5,납(99.99%이상),전북,3180000,200톤/주 ,2025-01-31
6,아연,"부산,인천,대구,전북",4520000,15톤/주 ,2025-01-31
7,주석(99.85%이상),"부산,인천,대구,전북",48430000,6톤/주 ,2025-01-31
8,주석(99.90%이상),"부산,인천,대구,전북",48460000,4톤/주 ,2025-01-31
9,니켈(합금용),"부산,인천,대구",27020000,5톤/주 ,2025-01-31
10,니켈(도금용),"부산,인천",27260000,3톤/주,2025-01-31
11,인듐(대여),인천,552859750,0톤/주 ,2025-01-31
1,알루미늄(서구산),"부산,인천,대구,대전, 전북",4420000,통합50톤/주,2025-01-24
2,알루미늄(비서구산),"부산,인천,대구,전북",4420000,통합50톤/주,2025-01-24
3,구리(99.99%이상),"부산,인천,대구,대전, 전북",14680000,50톤/주 ,2025-01-24
4,납(99.99%이상),"인천,대구,부산",3250000,200톤/주 ,2025-01-24
5,납(99.99%이상),전북,3160000,200톤/주 ,2025-01-24
6,아연,"부산,인천,대구,전북",4630000,15톤/주 ,2025-01-24
7,주석(99.85%이상),"부산,인천,대구,전북",48050000,6톤/주 ,2025-01-24
8,주석(99.90%이상),"부산,인천,대구,전북",48080000,4톤/주 ,2025-01-24
9,니켈(합금용),"부산,인천,대구",27580000,5톤/주 ,2025-01-24
10,니켈(도금용),"부산,인천",27810000,3톤/주,2025-01-24
11,인듐(대여),인천,561501180,0톤/주 ,2025-01-24
1,알루미늄(서구산),"부산,인천,대구,대전, 전북",4420000,통합50톤/주,2025-01-23
2,알루미늄(비서구산),"부산,인천,대구,전북",4420000,통합50톤/주,2025-01-23
3,구리(99.99%이상),"부산,인천,대구,대전, 전북",14660000,50톤/주 ,2025-01-23
4,납(99.99%이상),"인천,대구,부산",3280000,200톤/주 ,2025-01-23
5,납(99.99%이상),전북,3200000,200톤/주 ,2025-01-23
6,아연,"부산,인천,대구,전북",4720000,15톤/주 ,2025-01-23
7,주석(99.85%이상),"부산,인천,대구,전북",48630000,6톤/주 ,2025-01-23
8,주석(99.90%이상),"부산,인천,대구,전북",48670000,4톤/주 ,2025-01-23
9,니켈(합금용),"부산,인천,대구",27650000,5톤/주 ,2025-01-23
10,니켈(도금용),"부산,인천",27880000,3톤/주,2025-01-23
11,인듐(대여),인천,561501180,0톤/주 ,2025-01-23
1,알루미늄(서구산),"부산,인천,대구,대전, 전북",4450000,통합50톤/주,2025-01-22
2,알루미늄(비서구산),"부산,인천,대구,전북",4450000,통합50톤/주,2025-01-22
3,구리(99.99%이상),"부산,인천,대구,대전, 전북",14780000,50톤/주 ,2025-01-22
4,납(99.99%이상),"인천,대구,부산",3290000,200톤/주 ,2025-01-22
5,납(99.99%이상),전북,3210000,200톤/주 ,2025-01-22
6,아연,"부산,인천,대구,전북",4750000,15톤/주 ,2025-01-22
7,주석(99.85%이상),"부산,인천,대구,전북",48640000,6톤/주 ,2025-01-22
8,주석(99.90%이상),"부산,인천,대구,전북",48670000,4톤/주 ,2025-01-22
9,니켈(합금용),"부산,인천,대구",28250000,5톤/주 ,2025-01-22
10,니켈(도금용),"부산,인천",28470000,3톤/주,2025-01-22
11,인듐(대여),인천,561501180,0톤/주 ,2025-01-22
1,알루미늄(서구산),"부산,인천,대구,대전, 전북",4580000,통합50톤/주,2025-01-21
2,알루미늄(비서구산),"부산,인천,대구,전북",4570000,통합50톤/주,2025-01-21
3,구리(99.99%이상),"부산,인천,대구,대전, 전북",14900000,50톤/주 ,2025-01-21
4,납(99.99%이상),"인천,대구,부산",3340000,200톤/주 ,2025-01-21
5,납(99.99%이상),전북,3260000,200톤/주 ,2025-01-21
6,아연,"부산,인천,대구,전북",4870000,15톤/주 ,2025-01-21
7,주석(99.85%이상),"부산,인천,대구,전북",49230000,6톤/주 ,2025-01-21
8,주석(99.90%이상),"부산,인천,대구,전북",49270000,4톤/주 ,2025-01-21
9,니켈(합금용),"부산,인천,대구",28530000,5톤/주 ,2025-01-21
10,니켈(도금용),"부산,인천",28760000,3톤/주,2025-01-21
11,인듐(대여),인천,561501180,0톤/주 ,2025-01-21
1,알루미늄(서구산),"부산,인천,대구,대전, 전북",4580000,통합50톤/주,2025-01-20
2,알루미늄(비서구산),"부산,인천,대구,전북",4580000,통합50톤/주,2025-01-20
3,구리(99.99%이상),"부산,인천,대구,대전, 전북",14830000,50톤/주 ,2025-01-20
4,납(99.99%이상),"인천,대구,부산",3340000,200톤/주 ,2025-01-20
5,납(99.99%이상),전북,3260000,200톤/주 ,2025-01-20
6,아연,"부산,인천,대구,전북",4860000,15톤/주 ,2025-01-20
7,주석(99.85%이상),"부산,인천,대구,전북",48480000,6톤/주 ,2025-01-20
8,주석(99.90%이상),"부산,인천,대구,전북",48510000,4톤/주 ,2025-01-20
9,니켈(합금용),"부산,인천,대구",28670000,5톤/주 ,2025-01-20
10,니켈(도금용),"부산,인천",28900000,3톤/주,2025-01-20
11,인듐(대여),인천,561501180,0톤/주 ,2025-01-20
1,알루미늄(서구산),"부산,인천,대구,대전, 전북",4500000,통합50톤/주,2025-01-17
2,알루미늄(비서구산),"부산,인천,대구,전북",4500000,통합50톤/주,2025-01-17
3,구리(99.99%이상),"부산,인천,대구,대전, 전북",14880000,50톤/주 ,2025-01-17
4,납(99.99%이상),"인천,대구,부산",3340000,200톤/주 ,2025-01-17
5,납(99.99%이상),전북,3260000,200톤/주 ,2025-01-17
6,아연,"부산,인천,대구,전북",4750000,15톤/주 ,2025-01-17
7,주석(99.85%이상),"부산,인천,대구,전북",48030000,6톤/주 ,2025-01-17
8,주석(99.90%이상),"부산,인천,대구,전북",48060000,4톤/주 ,2025-01-17
9,니켈(합금용),"부산,인천,대구",28430000,5톤/주 ,2025-01-17
10,니켈(도금용),"부산,인천",28660000,3톤/주,2025-01-17
11,인듐(대여),인천,575531450,0톤/주 ,2025-01-17
1,알루미늄(서구산),"부산,인천,대구,대전, 전북",4450000,통합50톤/주,2025-01-16
2,알루미늄(비서구산),"부산,인천,대구,전북",4450000,통합50톤/주,2025-01-16
3,구리(99.99%이상),"부산,인천,대구,대전, 전북",14820000,50톤/주 ,2025-01-16
4,납(99.99%이상),"인천,대구,부산",3290000,200톤/주 ,2025-01-16
5,납(99.99%이상),전북,3210000,200톤/주 ,2025-01-16
6,아연,"부산,인천,대구,전북",4740000,15톤/주 ,2025-01-16
7,주석(99.85%이상),"부산,인천,대구,전북",48190000,6톤/주 ,2025-01-16
8,주석(99.90%이상),"부산,인천,대구,전북",48220000,4톤/주 ,2025-01-16
9,니켈(합금용),"부산,인천,대구",28310000,5톤/주 ,2025-01-16
10,니켈(도금용),"부산,인천",28540000,3톤/주,2025-01-16
11,인듐(대여),인천,575531450,0톤/주 ,2025-01-16
1,알루미늄(서구산),"부산,인천,대구,대전, 전북",4380000,통합50톤/주,2025-01-15
2,알루미늄(비서구산),"부산,인천,대구,전북",4380000,통합50톤/주,2025-01-15
3,구리(99.99%이상),"부산,인천,대구,대전, 전북",14810000,50톤/주 ,2025-01-15
4,납(99.99%이상),"인천,대구,부산",3350000,200톤/주 ,2025-01-15
5,납(99.99%이상),전북,3260000,200톤/주 ,2025-01-15
6,아연,"부산,인천,대구,전북",4740000,15톤/주 ,2025-01-15
7,주석(99.85%이상),"부산,인천,대구,전북",48550000,6톤/주 ,2025-01-15
8,주석(99.90%이상),"부산,인천,대구,전북",48590000,4톤/주 ,2025-01-15
9,니켈(합금용),"부산,인천,대구",28520000,5톤/주 ,2025-01-15
10,니켈(도금용),"부산,인천",28750000,3톤/주,2025-01-15
11,인듐(대여),인천,575531450,0톤/주 ,2025-01-15
1,알루미늄(서구산),"부산,인천,대구,대전, 전북",4440000,통합50톤/주,2025-01-14
2,알루미늄(비서구산),"부산,인천,대구,전북",4440000,통합50톤/주,2025-01-14
3,구리(99.99%이상),"부산,인천,대구,대전, 전북",14790000,50톤/주 ,2025-01-14
4,납(99.99%이상),"인천,대구,부산",3360000,200톤/주 ,2025-01-14
5,납(99.99%이상),전북,3280000,200톤/주 ,2025-01-14
6,아연,"부산,인천,대구,전북",4770000,15톤/주 ,2025-01-14
7,주석(99.85%이상),"부산,인천,대구,전북",48990000,6톤/주 ,2025-01-14
8,주석(99.90%이상),"부산,인천,대구,전북",49020000,4톤/주 ,2025-01-14
9,니켈(합금용),"부산,인천,대구",28570000,5톤/주 ,2025-01-14
10,니켈(도금용),"부산,인천",28810000,3톤/주,2025-01-14
1,알루미늄(서구산),"부산,인천,대구,대전, 전북",4420000,통합50톤/주,2025-01-13
2,알루미늄(비서구산),"부산,인천,대구,전북",4410000,통합50톤/주,2025-01-13
3,구리(99.99%이상),"부산,인천,대구,대전, 전북",14760000,50톤/주 ,2025-01-13
4,납(99.99%이상),"인천,대구,부산",3380000,200톤/주 ,2025-01-13
5,납(99.99%이상),전북,3300000,200톤/주 ,2025-01-13
6,아연,"부산,인천,대구,전북",4770000,15톤/주 ,2025-01-13
7,주석(99.85%이상),"부산,인천,대구,전북",48880000,6톤/주 ,2025-01-13
8,주석(99.90%이상),"부산,인천,대구,전북",48910000,4톤/주 ,2025-01-13
9,니켈(합금용),"부산,인천,대구",28100000,5톤/주 ,2025-01-13
10,니켈(도금용),"부산,인천",28330000,3톤/주,2025-01-13
